Wavelength,Correction Factor
1.900373881482788363e+02,2.290790137215691514e-03
1.901024134583396972e+02,2.325210842769251818e-03
1.901674391684325087e+02,2.356812073941290820e-03
1.902324652775175196e+02,2.479130400578621884e-03
1.902974917845545804e+02,2.645058849871042943e-03
1.903625186885032292e+02,2.624009086077114684e-03
1.904275459883222936e+02,2.489431246977590571e-03
1.904925736829703453e+02,2.390627395497943626e-03
1.905576017714054728e+02,2.343686760006591287e-03
1.906226302525852816e+02,2.248194207487359993e-03
1.906876591254669506e+02,2.217135369287625505e-03
1.907526883890072327e+02,2.143685567295277802e-03
1.908177180421624257e+02,2.127342611628948391e-03
1.908827480838884298e+02,2.076937518608571072e-03
1.909477785131405767e+02,2.075566901621176200e-03
1.910128093288738285e+02,2.020893072313508648e-03
1.910778405300427494e+02,1.980470385465671335e-03
1.911428721156013921e+02,1.993705667734170604e-03
1.912079040845032978e+02,1.938705466332761237e-03
1.912729364357017801e+02,1.927488432972972567e-03
1.913379691681495558e+02,1.926902123641045187e-03
1.914030022807988303e+02,1.896267790432900648e-03
1.914680357726015245e+02,1.877313291610078561e-03
1.915330696425089627e+02,1.884913875248437742e-03
1.915981038894721848e+02,1.864419599402335898e-03
1.916631385124416624e+02,1.834256713048247438e-03
1.917281735103674123e+02,1.834411806522853045e-03
1.917932088821991385e+02,1.832169773157172211e-03
1.918582446268860053e+02,1.812755308032743505e-03
1.919232807433766936e+02,1.803549914580212556e-03
1.919883172306194865e+02,1.796871731411666274e-03
1.920533540875622975e+02,1.792330574450969397e-03
1.921183913131524434e+02,1.785982151789400471e-03
1.921834289063369283e+02,1.783334226480934185e-03
1.922484668660622162e+02,1.784194050710293617e-03
1.923135051912744018e+02,1.796335390664182460e-03
1.923785438809190680e+02,1.812782349366917753e-03
1.924435829339413999e+02,1.886147474752416543e-03
1.925086223492861563e+02,1.885271017643901093e-03
1.925736621258975276e+02,1.855652349473149590e-03
1.926387022627194483e+02,1.814872800730799084e-03
1.927037427586952276e+02,1.800151704935363606e-03
1.927687836127678906e+02,1.752194280096317988e-03
1.928338248238798656e+02,1.747224094283560255e-03
1.928988663909732679e+02,1.716508072993092309e-03
1.929639083129896449e+02,1.717374048533102911e-03
1.930289505888702308e+02,1.694827331553468153e-03
1.930939932175556635e+02,1.686944361679491812e-03
1.931590361979862394e+02,1.662326284072227324e-03
1.932240795291018571e+02,1.655250158498352284e-03
1.932891232098418470e+02,1.650773333924113531e-03
1.933541672391451698e+02,1.631792939883119648e-03
1.934192116159503030e+02,1.617086835557926452e-03
1.934842563391952694e+02,1.611219291686542430e-03
1.935493014078176941e+02,1.600026344162051558e-03
1.936143468207547755e+02,1.586341160467731777e-03
1.936793925769431723e+02,1.587757053557859940e-03
1.937444386753192305e+02,1.574863910520773276e-03
1.938094851148186990e+02,1.571648014212270175e-03
1.938745318943769860e+02,1.580413796673106521e-03
1.939395790129290162e+02,1.567253910407843519e-03
1.940046264694092883e+02,1.572410970476502759e-03
1.940696742627518461e+02,1.553777153160217691e-03
1.941347223918902785e+02,1.547940515056400344e-03
1.941997708557577766e+02,1.546653725763383900e-03
1.942648196532869918e+02,1.540494978943087075e-03
1.943298687834102054e+02,1.528164093767744479e-03
1.943949182450592730e+02,1.537207528665417936e-03
1.944599680371655666e+02,1.525506814419633553e-03
1.945250181586599751e+02,1.523428481923593545e-03
1.945900686084729898e+02,1.514281815804095635e-03
1.946551193855346469e+02,1.520486507371399381e-03
1.947201704887746132e+02,1.531997472573184797e-03
1.947852219171219588e+02,1.545850898815678007e-03
1.948502736695053841e+02,1.532973249165437823e-03
1.949153257448532486e+02,1.534487394178942485e-03
1.949803781420932012e+02,1.518043023173216771e-03
1.950454308601527202e+02,1.507054748302742546e-03
1.951104838979587726e+02,1.495167328835612756e-03
1.951755372544377281e+02,1.500801052612622333e-03
1.952405909285156724e+02,1.487604649324117054e-03
1.953056449191182367e+02,1.481593881042910085e-03
1.953706992251704548e+02,1.473132996647202745e-03
1.954357538455971337e+02,1.477259578569244678e-03
1.955008087793224831e+02,1.465071783330891119e-03
1.955658640252702583e+02,1.463479006822431244e-03
1.956309195823639300e+02,1.459405358972979804e-03
1.956959754495263724e+02,1.455451209152515586e-03
1.957610316256800331e+02,1.441159068978418046e-03
1.958260881097469621e+02,1.451507191254535747e-03
1.958911449006487828e+02,1.441287955399586781e-03
1.959562019973065503e+02,1.440219529116790057e-03
1.960212593986409786e+02,1.429978658127743210e-03
1.960863171035723838e+02,1.435632759046557650e-03
1.961513751110205419e+02,1.432230903559542990e-03
1.962164334199048028e+02,1.428107404386054664e-03
1.962814920291440046e+02,1.424874926237333379e-03
1.963465509376567582e+02,1.419414993610894219e-03
1.964116101443609637e+02,1.421725794594335844e-03
1.964766696481742656e+02,1.415758802969437720e-03
1.965417294480137684e+02,1.407475449229108385e-03
1.966067895427961787e+02,1.411711670067846650e-03
1.966718499314377482e+02,1.404923855759653874e-03
1.967369106128542739e+02,1.406065956254553368e-03
1.968019715859611267e+02,1.388736033769197948e-03
1.968670328496731088e+02,1.387840388259065083e-03
1.969320944029048235e+02,1.380112060186214264e-03
1.969971562445701636e+02,1.388331998675553739e-03
1.970622183735828230e+02,1.382275853345752000e-03
1.971272807888558702e+02,1.377078674160016553e-03
1.971923434893019760e+02,1.373013122352659439e-03
1.972574064738334130e+02,1.381123323839858951e-03
1.973224697413619708e+02,1.361741275642846518e-03
1.973875332907989844e+02,1.361802565567919168e-03
1.974525971210553053e+02,1.358803128641588708e-03
1.975176612310415010e+02,1.352629691527874618e-03
1.975827256196674853e+02,1.343441086372767351e-03
1.976477902858429161e+02,1.345560820405796018e-03
1.977128552284768830e+02,1.344173766614858772e-03
1.977779204464779923e+02,1.335507584822752608e-03
1.978429859387545662e+02,1.317880393620782893e-03
1.979080517042143299e+02,1.321326353994995914e-03
1.979731177417646961e+02,1.323433319583952779e-03
1.980381840503125375e+02,1.317896485070024337e-03
1.981032506287642718e+02,1.297502822280612164e-03
1.981683174760259760e+02,1.300437997243125091e-03
1.982333845910031300e+02,1.294724228369235116e-03
1.982984519726008728e+02,1.293555919239665125e-03
1.983635196197239736e+02,1.280637757737343192e-03
1.984285875312764631e+02,1.285161552843902110e-03
1.984936557061623716e+02,1.278517941786962717e-03
1.985587241432848487e+02,1.270143852887455809e-03
1.986237928415468730e+02,1.261062167843194064e-03
1.986888617998508835e+02,1.263423549751025365e-03
1.987539310170988074e+02,1.251686857963431754e-03
1.988190004921923446e+02,1.248397790565989457e-03
1.988840702240324561e+02,1.240135075080389887e-03
1.989491402115199321e+02,1.239979649134144218e-03
1.990142104535549095e+02,1.236542162623133689e-03
1.990792809490372122e+02,1.233736813936475545e-03
1.991443516968661811e+02,1.225309115556930725e-03
1.992094226959406740e+02,1.227826474492940819e-03
1.992744939451591506e+02,1.218980793100600968e-03
1.993395654434196160e+02,1.210949574651225269e-03
1.994046371896195637e+02,1.206482880480180776e-03
1.994697091826562030e+02,1.212519095068728073e-03
1.995347814214261462e+02,1.205383786585115594e-03
1.995998539048255793e+02,1.195145550255211943e-03
1.996649266317503191e+02,1.198108710392708663e-03
1.997299996010956420e+02,1.196714994064622698e-03
1.997950728117565120e+02,1.192498122092166407e-03
1.998601462626273246e+02,1.187171474156336910e-03
1.999252199526020206e+02,1.182282309395095692e-03
1.999902938805742281e+02,1.184329479779770407e-03
2.000553680454370635e+02,1.176894030079609537e-03
2.001204424460830751e+02,1.170798310976815066e-03
2.001855170814045550e+02,1.168804791161507685e-03
2.002505919502932841e+02,1.173242365993361173e-03
2.003156670516405029e+02,1.169826082234555866e-03
2.003807423843371964e+02,1.166361375067867046e-03
2.004458179472737243e+02,1.164382901737397039e-03
2.005108937393401050e+02,1.160826366827868430e-03
2.005759697594258739e+02,1.155823830970154932e-03
2.006410460064200834e+02,1.159531485547262439e-03
2.007061224792115013e+02,1.158444074454820791e-03
2.007711991766881852e+02,1.157375130808346994e-03
2.008362760977379935e+02,1.154887243080942802e-03
2.009013532412482164e+02,1.147164106436751553e-03
2.009664306061057744e+02,1.147915263106514009e-03
2.010315081911970481e+02,1.145469695148810564e-03
2.010965859954079917e+02,1.145545448410011363e-03
2.011616640176241901e+02,1.146115970485143271e-03
2.012267422567307165e+02,1.139999675558984668e-03
2.012918207116122176e+02,1.131820387131332378e-03
2.013568993811529140e+02,1.143197803998537545e-03
2.014219782642365431e+02,1.132944812129950190e-03
2.014870573597464443e+02,1.135287594919820887e-03
2.015521366665654739e+02,1.133900151919384376e-03
2.016172161835760335e+02,1.126788435367992404e-03
2.016822959096601267e+02,1.128475998649686044e-03
2.017473758436992455e+02,1.123293252005471863e-03
2.018124559845744841e+02,1.128956363376659895e-03
2.018775363311665103e+02,1.120701169011395146e-03
2.019426168823555656e+02,1.125233892209323572e-03
2.020076976370213231e+02,1.116875557460386042e-03
2.020727785940431147e+02,1.118317464832875065e-03
2.021378597522997893e+02,1.113161367541823247e-03
2.022029411106698262e+02,1.114542112169830766e-03
2.022680226680310795e+02,1.105169931753945947e-03
2.023331044232612044e+02,1.108727927819455920e-03
2.023981863752372021e+02,1.107847289107713375e-03
2.024632685228357616e+02,1.106583332532268390e-03
2.025283508649330599e+02,1.098847879532881223e-03
2.025934334004047912e+02,1.097451898490226820e-03
2.026585161281263083e+02,1.092138635042676741e-03
2.027235990469724811e+02,1.092138052896994603e-03
2.027886821558176393e+02,1.079017864467962315e-03
2.028537654535358570e+02,1.089802873867963410e-03
2.029188489390006112e+02,1.080672356156096121e-03
2.029839326110849527e+02,1.077468811043121597e-03
2.030490164686615628e+02,1.071059503514925574e-03
2.031141005106025830e+02,1.077274491144114121e-03
2.031791847357797565e+02,1.064789095155607582e-03
2.032442691430644004e+02,1.064422021756294230e-03
2.033093537313274055e+02,1.059562212139550721e-03
2.033744384994390941e+02,1.059856515035648540e-03
2.034395234462695043e+02,1.052242281978388013e-03
2.035046085706881058e+02,1.048126271557818902e-03
2.035696938715639703e+02,1.049057189054838782e-03
2.036347793477657717e+02,1.047957837138057411e-03
2.036998649981615870e+02,1.032237569622944818e-03
2.037649508216192658e+02,1.036975462104620287e-03
2.038300368170060892e+02,1.031475257247215080e-03
2.038951229831887986e+02,1.025608359479241848e-03
2.039602093190339360e+02,1.020645064185333843e-03
2.040252958234073617e+02,1.026154099350609162e-03
2.040903824951746230e+02,1.013852290529445102e-03
2.041554693332007560e+02,1.015293555268381200e-03
2.042205563363503984e+02,1.003533163082546845e-03
2.042856435034877620e+02,1.003734723497523226e-03
2.043507308334765469e+02,1.003437899842134435e-03
2.044158183251800551e+02,9.964892239666099400e-04
2.044809059774610773e+02,9.901600328725919300e-04
2.045459937891820914e+02,9.882094872192136344e-04
2.046110817592049784e+02,9.879239376100593974e-04
2.046761698863912784e+02,9.834096126334762600e-04
2.047412581696020197e+02,9.733178583574360375e-04
2.048063466076978614e+02,9.753610558010871682e-04
2.048714351995389791e+02,9.660478272948824904e-04
2.049365239439850654e+02,9.645409253439215548e-04
2.050016128398953867e+02,9.620334704992302300e-04
2.050667018861288682e+02,9.604761425810595188e-04
2.051317910815437529e+02,9.617509169684592112e-04
2.051968804249981133e+02,9.570046496062056471e-04
2.052619699153494537e+02,9.485402238742197218e-04
2.053270595514547381e+02,9.546047202150155118e-04
2.053921493321706748e+02,9.458261865020063100e-04
2.054572392563533469e+02,9.435422188513111104e-04
2.055223293228584964e+02,9.448330570506312124e-04
2.055874195305414105e+02,9.423930726074876505e-04
2.056525098782569501e+02,9.349230329285265978e-04
2.057176003648594644e+02,9.355759257761238519e-04
2.057826909892029050e+02,9.300856928604211461e-04
2.058477817501407685e+02,9.369608929236954067e-04
2.059128726465261252e+02,9.291718828466823815e-04
2.059779636772115339e+02,9.316214539537095735e-04
2.060430548410491554e+02,9.254079858552366911e-04
2.061081461368907810e+02,9.343410250149036594e-04
2.061732375635876053e+02,9.259320898774393372e-04
2.062383291199905102e+02,9.278676945242898301e-04
2.063034208049498375e+02,9.289578784412555034e-04
2.063685126173155027e+02,9.296998659414125194e-04
2.064336045559370518e+02,9.302049978286843846e-04
2.064986966196635478e+02,9.293127821997192303e-04
2.065637888073434567e+02,9.282231288716117799e-04
2.066288811178250739e+02,9.317480950385195184e-04
2.066939735499560697e+02,9.280512009873731699e-04
2.067590661025837449e+02,9.376093044983265651e-04
2.068241587745548031e+02,9.360250949866625756e-04
2.068892515647157211e+02,9.313872731549064548e-04
2.069543444719124352e+02,9.306817195634739526e-04
2.070194374949903704e+02,9.389024782553121199e-04
2.070845306327946105e+02,9.349150411364988596e-04
2.071496238841697277e+02,9.410765166004727948e-04
2.072147172479598680e+02,9.368334384929255434e-04
2.072798107230087794e+02,9.407040476354321633e-04
2.073449043081596983e+02,9.377632444925691887e-04
2.074099980022554348e+02,9.375108414263940695e-04
2.074750918041383443e+02,9.349684115397693821e-04
2.075401857126503558e+02,9.495279926003627208e-04
2.076052797266329719e+02,9.474203524751554327e-04
2.076703738449272407e+02,9.485655689942785150e-04
2.077354680663736985e+02,9.471978581994746921e-04
2.078005623898125691e+02,9.456487188912515371e-04
2.078656568140834793e+02,9.476671494509907728e-04
2.079307513380257149e+02,9.535189970587660494e-04
2.079958459604781069e+02,9.478510434705655690e-04
2.080609406802789465e+02,9.554286550067896122e-04
2.081260354962662404e+02,9.501917153986713703e-04
2.081911304072774271e+02,9.565125900564591709e-04
2.082562254121495471e+02,9.516885976141163011e-04
2.083213205097191860e+02,9.560012797587865005e-04
2.083864156988224465e+02,9.565179194959063259e-04
2.084515109782950049e+02,9.603700388793496049e-04
2.085166063469721962e+02,9.578908053893440619e-04
2.085817018036888442e+02,9.627673242542148478e-04
2.086467973472792039e+02,9.566642934344121588e-04
2.087118929765772464e+02,9.609688016227419059e-04
2.087769886904164593e+02,9.631355062143878449e-04
2.088420844876298190e+02,9.600743842640517816e-04
2.089071803670499037e+02,9.600372968182009420e-04
2.089722763275088937e+02,9.653027383575893926e-04
2.090373723678384863e+02,9.610437432496398607e-04
2.091024684868698955e+02,9.618737958999484024e-04
2.091675646834339091e+02,9.562790661498040421e-04
2.092326609563608883e+02,9.615723773979472592e-04
2.092977573044807968e+02,9.648382314266173250e-04
2.093628537266230012e+02,9.576685270021247261e-04
2.094279502216166406e+02,9.592291397297368150e-04
2.094930467882901439e+02,9.592624470540416859e-04
2.095581434254717692e+02,9.543227501637631003e-04
2.096232401319891494e+02,9.545421493112384590e-04
2.096883369066695479e+02,9.523496580569313329e-04
2.097534337483397451e+02,9.535792086491322317e-04
2.098185306558260663e+02,9.455108555946734441e-04
2.098836276279544109e+02,9.437925675706538252e-04
2.099487246635502800e+02,9.451869609654205053e-04
2.100138217614387202e+02,9.483324220274049659e-04
2.100789189204442096e+02,9.435880944940261894e-04
2.101440161393909420e+02,9.447458084696537268e-04
2.102091134171025715e+02,9.402410549411456802e-04
2.102742107524023538e+02,9.350934500157831149e-04
2.103393081441130050e+02,9.380375328378394613e-04
2.104044055910569568e+02,9.410191946462208778e-04
2.104695030920560725e+02,9.319203132437528037e-04
2.105346006459317607e+02,9.302374219589701430e-04
2.105996982515051457e+02,9.315635877289189706e-04
2.106647959075967265e+02,9.292501360501113439e-04
2.107298936130266043e+02,9.276413632685772109e-04
2.107949913666144539e+02,9.319843190677853896e-04
2.108600891671795239e+02,9.274308874544694246e-04
2.109251870135406079e+02,9.218340852117313990e-04
2.109902849045160451e+02,9.170010674523455460e-04
2.110553828389237481e+02,9.223216922664274854e-04
2.111204808155810895e+02,9.162461581856721441e-04
2.111855788333051578e+02,9.109310643317557665e-04
2.112506768909124730e+02,9.071391461221220550e-04
2.113157749872191005e+02,9.121491065367684590e-04
2.113808731210408212e+02,9.111566919904984197e-04
2.114459712911927909e+02,9.089289801248971864e-04
2.115110694964897959e+02,9.075946751838626612e-04
2.115761677357461679e+02,9.030655242271807496e-04
2.116412660077758119e+02,9.017962146205315893e-04
2.117063643113921501e+02,9.019082440713888441e-04
2.117714626454082065e+02,8.934463054932678325e-04
2.118365610086364939e+02,8.993893171509921049e-04
2.119016593998891551e+02,8.948151071226772418e-04
2.119667578179778786e+02,8.975875912552616935e-04
2.120318562617138411e+02,8.893316993425030023e-04
2.120969547299078215e+02,8.911949828568324801e-04
2.121620532213701722e+02,8.889529575923123391e-04
2.122271517349107626e+02,8.921346362378175781e-04
2.122922502693390072e+02,8.868955062084487055e-04
2.123573488234639512e+02,8.898058613095762015e-04
2.124224473960940998e+02,8.846865251346311800e-04
2.124875459860375884e+02,8.808766803158884226e-04
2.125526445921020695e+02,8.788673940816899965e-04
2.126177432130947125e+02,8.812440603823696716e-04
2.126828418478223739e+02,8.805727028404728178e-04
2.127479404950912851e+02,8.808750715138658318e-04
2.128130391537073365e+02,8.763714750079012062e-04
2.128781378224760488e+02,8.780674612511232954e-04
2.129432365002023744e+02,8.753758310767688865e-04
2.130083351856907825e+02,8.834381967255063896e-04
2.130734338777454582e+02,8.742788475764031939e-04
2.131385325751700179e+02,8.775135422775328948e-04
2.132036312767676804e+02,8.751798246228971109e-04
2.132687299813411812e+02,8.762866162384010116e-04
2.133338286876928862e+02,8.742044600544772144e-04
2.133989273946246215e+02,8.768045888453801333e-04
2.134640261009379003e+02,8.798110953616946521e-04
2.135291248054335824e+02,8.814783705782977498e-04
2.135942235069123001e+02,8.803831674245505591e-04
2.136593222041741171e+02,8.766218551404526523e-04
2.137244208960186427e+02,8.733951994519861860e-04
2.137895195812451732e+02,8.820141991886769209e-04
2.138546182586523798e+02,8.778417054685857569e-04
2.139197169270386212e+02,8.819832850114259475e-04
2.139848155852018010e+02,8.854355783683053515e-04
2.140499142319392547e+02,8.832980495604401960e-04
2.141150128660479766e+02,8.817006768060095838e-04
2.141801114863245914e+02,8.897702192158336507e-04
2.142452100915650703e+02,8.868192163329941154e-04
2.143103086805651003e+02,8.902733210433237806e-04
2.143754072521199419e+02,8.847903314413685903e-04
2.144405058050242872e+02,8.970650472623980468e-04
2.145056043380724020e+02,8.882404700301749310e-04
2.145707028500582396e+02,8.985308559169314377e-04
2.146358013397752131e+02,8.970264530979971508e-04
2.147008998060161957e+02,9.042241496091020384e-04
2.147659982475738047e+02,8.996007413964790056e-04
2.148310966632401176e+02,8.938542979866858067e-04
2.148961950518067567e+02,9.005102090928982514e-04
2.149612934120648902e+02,9.034969247802834358e-04
2.150263917428053162e+02,9.030793039049943684e-04
2.150914900428183216e+02,9.045872390216578175e-04
2.151565883108937101e+02,9.014058954062430544e-04
2.152216865458209440e+02,9.036148100502226039e-04
2.152867847463890314e+02,9.005811080846029158e-04
2.153518829113864115e+02,9.036680825570073952e-04
2.154169810396012679e+02,8.977355196738982974e-04
2.154820791298211020e+02,9.043933379811977969e-04
2.155471771808332164e+02,9.023815831326832595e-04
2.156122751914242883e+02,9.033832518607269428e-04
2.156773731603805970e+02,9.030699804082679668e-04
2.157424710864880808e+02,9.066474366013503507e-04
2.158075689685320810e+02,9.031429997073286454e-04
2.158726668052975697e+02,9.074579175189211597e-04
2.159377645955690923e+02,9.015132747236764789e-04
2.160028623381307398e+02,8.997030331918920128e-04
2.160679600317660629e+02,8.998480024705119351e-04
2.161330576752582431e+02,9.003348924914916568e-04
2.161981552673901206e+02,8.972476544024803350e-04
2.162632528069439104e+02,8.973356687900954339e-04
2.163283502927014865e+02,8.933893943382510390e-04
2.163934477234442397e+02,8.923503728289975800e-04
2.164585450979531345e+02,8.879028700197640067e-04
2.165236424150087089e+02,8.983166272351403693e-04
2.165887396733909327e+02,8.922025658032330759e-04
2.166538368718795766e+02,8.936488362357833436e-04
2.167189340092536725e+02,8.870716329469263348e-04
2.167840310842920815e+02,8.874994261534221562e-04
2.168491280957730112e+02,8.851120194999788533e-04
2.169142250424743281e+02,8.819067205662381968e-04
2.169793219231734156e+02,8.757310356053970299e-04
2.170444187366472590e+02,8.768934650972311359e-04
2.171095154816723038e+02,8.750673425776000656e-04
2.171746121570246544e+02,8.730985489523363820e-04
2.172397087614799602e+02,8.662351758341413311e-04
2.173048052938133310e+02,8.686148735035083236e-04
2.173699017527995352e+02,8.659832623800885415e-04
2.174349981372128582e+02,8.649376849041609224e-04
2.175000944458271306e+02,8.594141919124729688e-04
2.175651906774157283e+02,8.580721549793141924e-04
2.176302868307515723e+02,8.546973199444663936e-04
2.176953829046072428e+02,8.503239324485043112e-04
2.177604788977547514e+02,8.508807093987830281e-04
2.178255748089657118e+02,8.486865484299574523e-04
2.178906706370112545e+02,8.476827228590885516e-04
2.179557663806622259e+02,8.450333170838490032e-04
2.180208620386887617e+02,8.403192857750262177e-04
2.180859576098607420e+02,8.394127337995694943e-04
2.181510530929475919e+02,8.331946358036416067e-04
2.182161484867181684e+02,8.339047528452198706e-04
2.182812437899411009e+02,8.304949622425979736e-04
2.183463390013843366e+02,8.304236891841558716e-04
2.184114341198155387e+02,8.263747965198181469e-04
2.184765291440018302e+02,8.245167641336515005e-04
2.185416240727098796e+02,8.190441049069795880e-04
2.186067189047060992e+02,8.219935227009464657e-04
2.186718136387562197e+02,8.178537283686578181e-04
2.187369082736256587e+02,8.167044085953546187e-04
2.188020028080792940e+02,8.106586077477827799e-04
2.188670972408816908e+02,8.128626405248867356e-04
2.189321915707968458e+02,8.036528224637084356e-04
2.189972857965883577e+02,8.071980470105322592e-04
2.190623799170194843e+02,8.054397079743255651e-04
2.191274739308528012e+02,8.005080029349650019e-04
2.191925678368506283e+02,7.977139276174340619e-04
2.192576616337748590e+02,7.974830939956017561e-04
2.193227553203867330e+02,7.897008906721074157e-04
2.193878488954473198e+02,7.904154928620552457e-04
2.194529423577169780e+02,7.837635644015252282e-04
2.195180357059558389e+02,7.892731963577280952e-04
2.195831289389234939e+02,7.854901428828693979e-04
2.196482220553790228e+02,7.879109384589281454e-04
2.197133150540812494e+02,7.794533647132524841e-04
2.197784079337883156e+02,7.802987651548522544e-04
2.198435006932581075e+02,7.772763200788207916e-04
2.199085933312480279e+02,7.781117263698662237e-04
2.199736858465149112e+02,7.713395354234924440e-04
2.200387782378152508e+02,7.729048574544206563e-04
2.201038705039051422e+02,7.673693079659572652e-04
2.201689626435401692e+02,7.714735934421674277e-04
2.202340546554754894e+02,7.647822349967750609e-04
2.202991465384657488e+02,7.678290678167794649e-04
2.203642382912652522e+02,7.605395629412544474e-04
2.204293299126277645e+02,7.577954070426367022e-04
2.204944214013066812e+02,7.602044689604437215e-04
2.205595127560549429e+02,7.558705726754763338e-04
2.206246039756250070e+02,7.571390709750104716e-04
2.206896950587688480e+02,7.568040061647125392e-04
2.207547860042381842e+02,7.541114621290310235e-04
2.208198768107840522e+02,7.508142161842274592e-04
2.208849674771571756e+02,7.508684782635173527e-04
2.209500580021077951e+02,7.480405817969539841e-04
2.210151483843857250e+02,7.437938511237869805e-04
2.210802386227403531e+02,7.449818234431063732e-04
2.211453287159205843e+02,7.412771329918363319e-04
2.212104186626748685e+02,7.435965077610462220e-04
2.212755084617512580e+02,7.377077851623680543e-04
2.213405981118972932e+02,7.394333875109185966e-04
2.214056876118601451e+02,7.364444965025719646e-04
2.214707769603864733e+02,7.387733557236729259e-04
2.215358661562225961e+02,7.284052031035321510e-04
2.216009551981142351e+02,7.336511517749676886e-04
2.216660440848068276e+02,7.336941196781260376e-04
2.217311328150451857e+02,7.346848897712767194e-04
2.217962213875738655e+02,7.295366840031891880e-04
2.218613098011367697e+02,7.280965881277437881e-04
2.219263980544776587e+02,7.302917525331817025e-04
2.219914861463394686e+02,7.285974893682344022e-04
2.220565740754650221e+02,7.285440951360838214e-04
2.221216618405965164e+02,7.312031574944881937e-04
2.221867494404757508e+02,7.256249629465110667e-04
2.222518368738440415e+02,7.307021704007457714e-04
2.223169241394423068e+02,7.268269687376840071e-04
2.223820112360110670e+02,7.309340071814717042e-04
2.224470981622902741e+02,7.242801677298780529e-04
2.225121849170195389e+02,7.298055929054420108e-04
2.225772714989379608e+02,7.222802361697826809e-04
2.226423579067842127e+02,7.288783252875336406e-04
2.227074441392965696e+02,7.233002028099379688e-04
2.227725301952127950e+02,7.293989261769528651e-04
2.228376160732702260e+02,7.258629810435285020e-04
2.229027017722057735e+02,7.278747306649144136e-04
2.229677872907558935e+02,7.265869148310235290e-04
2.230328726276566442e+02,7.253663078349817557e-04
2.230979577816435153e+02,7.266006775274475461e-04
2.231630427514516839e+02,7.308927764062973483e-04
2.232281275358157870e+02,7.249869615195494738e-04
2.232932121334700923e+02,7.261525708884040238e-04
2.233582965431482990e+02,7.294579936382421942e-04
2.234233807635838787e+02,7.259364687123970707e-04
2.234884647935096211e+02,7.238796120396486433e-04
2.235535486316580602e+02,7.275779754070772418e-04
2.236186322767611614e+02,7.252794511451815486e-04
2.236837157275504353e+02,7.251314508874471230e-04
2.237487989827570516e+02,7.200830042053923789e-04
2.238138820411116683e+02,7.225479715744901645e-04
2.238789649013445171e+02,7.172459794624466223e-04
2.239440475621854318e+02,7.202163395282603015e-04
2.240091300223636495e+02,7.161388967559238110e-04
2.240742122806081227e+02,7.204456154635029749e-04
2.241392943356472927e+02,7.147495064949231343e-04
2.242043761862091173e+02,7.184113524725545784e-04
2.242694578310211853e+02,7.140063824011553314e-04
2.243345392688106301e+02,7.163966561755379537e-04
2.243996204983040457e+02,7.152172379828808857e-04
2.244647015182277414e+02,7.129591476495383091e-04
2.245297823273074584e+02,7.083282752835680070e-04
2.245948629242684831e+02,7.146712870310438460e-04
2.246599433078357890e+02,7.035726322712153834e-04
2.247250234767336678e+02,7.095433594807129714e-04
2.247901034296863259e+02,7.035601245275950426e-04
2.248551831654170883e+02,7.050631416221336389e-04
2.249202626826492519e+02,7.051725007755901614e-04
2.249853419801053747e+02,7.010080258092115735e-04
2.250504210565076733e+02,6.999968456296446883e-04
2.251154999105779382e+02,7.017591504012754599e-04
2.251805785410375336e+02,6.973208388154234503e-04
2.252456569466072835e+02,6.977042523240488620e-04
2.253107351260076143e+02,6.933192608059585019e-04
2.253758130779585258e+02,6.945673555081928637e-04
2.254408908011796484e+02,6.897872320230877827e-04
2.255059682943899588e+02,6.949626178512720211e-04
2.255710455563082064e+02,6.901239552905622096e-04
2.256361225856525152e+02,6.911899085912307211e-04
2.257011993811407535e+02,6.843180899296124253e-04
2.257662759414900790e+02,6.857416420977517245e-04
2.258313522654175927e+02,6.840554126723550916e-04
2.258964283516395142e+02,6.857213915415076881e-04
2.259615041988719781e+02,6.795764315488658563e-04
2.260265798058304654e+02,6.802767819815568225e-04
2.260916551712300304e+02,6.802060215868007461e-04
2.261567302937853867e+02,6.787438218978940254e-04
2.262218051722106793e+02,6.762839009202743258e-04
2.262868798052197405e+02,6.755329921181499591e-04
2.263519541915258628e+02,6.687149500660523544e-04
2.264170283298418838e+02,6.739891704595098437e-04
2.264821022188802431e+02,6.688611072495132849e-04
2.265471758573529542e+02,6.668446386248562180e-04
2.266122492439714904e+02,6.703011926771082008e-04
2.266773223774469557e+02,6.668437346941438184e-04
2.267423952564900276e+02,6.636472205048419898e-04
2.268074678798109005e+02,6.622009939436633184e-04
2.268725402461193426e+02,6.629252807605607147e-04
2.269376123541246102e+02,6.644160246821503423e-04
2.270026842025356189e+02,6.623319644115198803e-04
2.270677557900607724e+02,6.600622397550353748e-04
2.271328271154079630e+02,6.555189120300772276e-04
2.271978981772848840e+02,6.600678089385459985e-04
2.272629689743984898e+02,6.552419603544957800e-04
2.273280395054554788e+02,6.549645441431149653e-04
2.273931097691620664e+02,6.557124750560599461e-04
2.274581797642239280e+02,6.514533661122652586e-04
2.275232494893463979e+02,6.532716419343419191e-04
2.275883189432343556e+02,6.528420928446944382e-04
2.276533881245922544e+02,6.494145923870183043e-04
2.277184570321239505e+02,6.523692866757108133e-04
2.277835256645330446e+02,6.481336647252681658e-04
2.278485940205225972e+02,6.492034411665453504e-04
2.279136620987952426e+02,6.499550725380411325e-04
2.279787298980532455e+02,6.490960938267556577e-04
2.280437974169982169e+02,6.459935643968078064e-04
2.281088646543315406e+02,6.465918153202509459e-04
2.281739316087540317e+02,6.429490496931421521e-04
2.282389982789661360e+02,6.456733561566065224e-04
2.283040646636677877e+02,6.398146021259188375e-04
2.283691307615585799e+02,6.479502295020065934e-04
2.284341965713374520e+02,6.430348473994174649e-04
2.284992620917031161e+02,6.416178721138376690e-04
2.285643273213538009e+02,6.420133056824465665e-04
2.286293922589871386e+02,6.431243431276420942e-04
2.286944569033004768e+02,6.391543660578272385e-04
2.287595212529907371e+02,6.419852056855208889e-04
2.288245853067541873e+02,6.395840408657980578e-04
2.288896490632868677e+02,6.390898771232051421e-04
2.289547125212842502e+02,6.382148239872306728e-04
2.290197756794414943e+02,6.431935177188336438e-04
2.290848385364530770e+02,6.406711368132628594e-04
2.291499010910133052e+02,6.392895989327213686e-04
2.292149633418158601e+02,6.372873764744843442e-04
2.292800252875540536e+02,6.408974469948604778e-04
2.293450869269207146e+02,6.373585947637406234e-04
2.294101482586082454e+02,6.411810484726858253e-04
2.294752092813085937e+02,6.356314797821414246e-04
2.295402699937132240e+02,6.364594153632697386e-04
2.296053303945133166e+02,6.369439282781991576e-04
2.296703904823993696e+02,6.405370037312509276e-04
2.297354502560616254e+02,6.361451645489144945e-04
2.298005097141898148e+02,6.352525314950153122e-04
2.298655688554731853e+02,6.339637330409722982e-04
2.299306276786006151e+02,6.342485315353449437e-04
2.299956861822603855e+02,6.355030139901242077e-04
2.300607443651406641e+02,6.401710766631756250e-04
2.301258022259287657e+02,6.316175144604098271e-04
2.301908597633118347e+02,6.349407725834398932e-04
2.302559169759764188e+02,6.350050183634856548e-04
2.303209738626087812e+02,6.352170666670689872e-04
2.303860304218945600e+02,6.343641381513052827e-04
2.304510866525190522e+02,6.305390355168878809e-04
2.305161425531671568e+02,6.331805420521165228e-04
2.305811981225231762e+02,6.312048195135063280e-04
2.306462533592710713e+02,6.306205273881812252e-04
2.307113082620943771e+02,6.307931236883118067e-04
2.307763628296761453e+02,6.312605122675333212e-04
2.308414170606989444e+02,6.265644926020575876e-04
2.309064709538450018e+02,6.283029610587827565e-04
2.309715245077959480e+02,6.288330693893651050e-04
2.310365777212331295e+02,6.275343834661132594e-04
2.311016305928373527e+02,6.237931627537338661e-04
2.311666831212889690e+02,6.206838548653367425e-04
2.312317353052679891e+02,6.260790318311692994e-04
2.312967871434538267e+02,6.234445845173805859e-04
2.313618386345256113e+02,6.207337730318103789e-04
2.314268897771618754e+02,6.204433221922302883e-04
2.314919405700407538e+02,6.191589161501295790e-04
2.315569910118400685e+02,6.162301279190450943e-04
2.316220411012370448e+02,6.170349245359820888e-04
2.316870908369084532e+02,6.147240541229119677e-04
2.317521402175307230e+02,6.155897196305070308e-04
2.318171892417798006e+02,6.147442062134696617e-04
2.318822379083311205e+02,6.130636774499871209e-04
2.319472862158596911e+02,6.118492643293190966e-04
2.320123341630402365e+02,6.111875581707043332e-04
2.320773817485468555e+02,6.082444904932695620e-04
2.321424289710532491e+02,6.067681975845037054e-04
2.322074758292326635e+02,6.046344003440291392e-04
2.322725223217579469e+02,6.015900339665983514e-04
2.323375684473014644e+02,6.022656355451513855e-04
2.324026142045350696e+02,6.021521106607098748e-04
2.324676595921303885e+02,5.981774144599638285e-04
2.325327046087583369e+02,5.966592880468861828e-04
2.325977492530895745e+02,5.917292439052575757e-04
2.326627935237942495e+02,5.927147438845847263e-04
2.327278374195420270e+02,5.866240316174635297e-04
2.327928809390021740e+02,5.895597184627898290e-04
2.328579240808434747e+02,5.831257920753678443e-04
2.329229668437344287e+02,5.858956854337935049e-04
2.329880092263427684e+02,5.832011379635450906e-04
2.330530512273361126e+02,5.808345048892852355e-04
2.331180928453814829e+02,5.784448445862967400e-04
2.331831340791453613e+02,5.748395997156989252e-04
2.332481749272940021e+02,5.757694049389525505e-04
2.333132153884930915e+02,5.707789342331877477e-04
2.333782554614078322e+02,5.734647739099366613e-04
2.334432951447030007e+02,5.706509240421945607e-04
2.335083344370430893e+02,5.677170504804044966e-04
2.335733733370919083e+02,5.662593125465248487e-04
2.336384118435129835e+02,5.622107103707455703e-04
2.337034499549693294e+02,5.637145141443099076e-04
2.337684876701235055e+02,5.606192130455480479e-04
2.338335249876376452e+02,5.602239105557603417e-04
2.338985619061734553e+02,5.549872520712405667e-04
2.339635984243922167e+02,5.544319019694205711e-04
2.340286345409546982e+02,5.515084317845760087e-04
2.340936702545212711e+02,5.506963457182842284e-04
2.341587055637518517e+02,5.474126783415463960e-04
2.342237404673059018e+02,5.483259351551322651e-04
2.342887749638423998e+02,5.420457329042656022e-04
2.343538090520199546e+02,5.403681585563756577e-04
2.344188427304967490e+02,5.386327249929703234e-04
2.344838759979303973e+02,5.386670827943110642e-04
2.345489088529782009e+02,5.366187019866828578e-04
2.346139412942968931e+02,5.349533170648229771e-04
2.346789733205428945e+02,5.338084539569554502e-04
2.347440049303720571e+02,5.308025281259220410e-04
2.348090361224398919e+02,5.277576346440795941e-04
2.348740668954013984e+02,5.271108495218773367e-04
2.349390972479110928e+02,5.252863892853843353e-04
2.350041271786231789e+02,5.236117219141806682e-04
2.350691566861913202e+02,5.194884864349908361e-04
2.351341857692687256e+02,5.192388561455130907e-04
2.351992144265082061e+02,5.190291326974136657e-04
2.352642426565621179e+02,5.182030158039034997e-04
2.353292704580823909e+02,5.147596401449538051e-04
2.353942978297204149e+02,5.152901083037543734e-04
2.354593247701272389e+02,5.085644141874427846e-04
2.355243512779534001e+02,5.124027619075230931e-04
2.355893773518490661e+02,5.074193439755813641e-04
2.356544029904638933e+02,5.058358160044216373e-04
2.357194281924471397e+02,5.058909691584832259e-04
2.357844529564475238e+02,5.039397117674621496e-04
2.358494772811134510e+02,5.026472277451218612e-04
2.359145011650927586e+02,5.024364003301747027e-04
2.359795246070329995e+02,5.003684383435657137e-04
2.360445476055811014e+02,4.979437818755676941e-04
2.361095701593836225e+02,4.965485412774730146e-04
2.361745922670867230e+02,4.963579619980827608e-04
2.362396139273360234e+02,4.939667750310210029e-04
2.363046351387768311e+02,4.941319649622048435e-04
2.363696559000538286e+02,4.910888454438359094e-04
2.364346762098114425e+02,4.916534638381676262e-04
2.364996960666934740e+02,4.884476238437635747e-04
2.365647154693434970e+02,4.910289016698643309e-04
2.366297344164043750e+02,4.850631185484583635e-04
2.366947529065187155e+02,4.869837453817016425e-04
2.367597709383286428e+02,4.841530956777741050e-04
2.368247885104758552e+02,4.840157922570519750e-04
2.368898056216015675e+02,4.836388955337074590e-04
2.369548222703464546e+02,4.823226707782741606e-04
2.370198384553509641e+02,4.801321991984529563e-04
2.370848541752549750e+02,4.813521933959303417e-04
2.371498694286978548e+02,4.782320023128373517e-04
2.372148842143186300e+02,4.782425540699499476e-04
2.372798985307559008e+02,4.755781645707557784e-04
2.373449123766476987e+02,4.747881446402368215e-04
2.374099257506317713e+02,4.743207357783854020e-04
2.374749386513452691e+02,4.760442141838341456e-04
2.375399510774249734e+02,4.742700412514101087e-04
2.376049630275072388e+02,4.747118387007776669e-04
2.376699745002278803e+02,4.706934541543030329e-04
2.377349854942224283e+02,4.730241020627389058e-04
2.377999960081257882e+02,4.721326838770716159e-04
2.378650060405725810e+02,4.736677255952108042e-04
2.379300155901968594e+02,4.729281617504370013e-04
2.379950246556322782e+02,4.718723839124595192e-04
2.380600332355121225e+02,4.690400229621775104e-04
2.381250413284689955e+02,4.684305164657956802e-04
2.381900489331354436e+02,4.687491260177499130e-04
2.382550560481431603e+02,4.711880483892696850e-04
2.383200626721236404e+02,4.683926942359758192e-04
2.383850688037078953e+02,4.703300652925967735e-04
2.384500744415264251e+02,4.658567176467672140e-04
2.385150795842093316e+02,4.681144835372326039e-04
2.385800842303862908e+02,4.657666455883748046e-04
2.386450883786865234e+02,4.671084912304494796e-04
2.387100920277386820e+02,4.653668687135909606e-04
2.387750951761712201e+02,4.666110559887915333e-04
2.388400978226119378e+02,4.670264563453560861e-04
2.389050999656882937e+02,4.651455033435666214e-04
2.389701016040272350e+02,4.663897509616567335e-04
2.390351027362553396e+02,4.671077075514985365e-04
2.391001033609986166e+02,4.646280524321501175e-04
2.391651034768827913e+02,4.647569232044798031e-04
2.392301030825330486e+02,4.630230305999020221e-04
2.392951021765741189e+02,4.662233545722112575e-04
2.393601007576303346e+02,4.638225939304289999e-04
2.394250988243256018e+02,4.665182205062422477e-04
2.394900963752832865e+02,4.636710814425971591e-04
2.395550934091263571e+02,4.646027898607548671e-04
2.396200899244773552e+02,4.649811754894156955e-04
2.396850859199583681e+02,4.659667648091039643e-04
2.397500813941910565e+02,4.615240772918919568e-04
2.398150763457966264e+02,4.643724901130381042e-04
2.398800707733957722e+02,4.627121108559764141e-04
2.399450646756089043e+02,4.649507553270295452e-04
2.400100580510557222e+02,4.629166936489761052e-04
2.400750508983557552e+02,4.621413230155522458e-04
2.401400432161279923e+02,4.623679266208125102e-04
2.402050350029908827e+02,4.657219138044748469e-04
2.402700262575625345e+02,4.609318099835173601e-04
2.403350169784606578e+02,4.623980921431003195e-04
2.404000071643023091e+02,4.637202926170888020e-04
2.404649968137043459e+02,4.646986298821912612e-04
2.405299859252829719e+02,4.654645517385462496e-04
2.405949744976541638e+02,4.624542370536043946e-04
2.406599625294332156e+02,4.626764264157305520e-04
2.407249500192351661e+02,4.638886398323464758e-04
2.407899369656745137e+02,4.625140297446227503e-04
2.408549233673653021e+02,4.637469480920654828e-04
2.409199092229212056e+02,4.645682011249894941e-04
2.409848945309554153e+02,4.640455621946815482e-04
2.410498792900806677e+02,4.628843884155142653e-04
2.411148634989091875e+02,4.637838527566037761e-04
2.411798471560529151e+02,4.629368879918121897e-04
2.412448302601232228e+02,4.638664411223706262e-04
2.413098128097310848e+02,4.650390453525749847e-04
2.413747948034869637e+02,4.635018812490838578e-04
2.414397762400010095e+02,4.626809022251482514e-04
2.415047571178828036e+02,4.647683705499915758e-04
2.415697374357414731e+02,4.621437409477423806e-04
2.416347171921858319e+02,4.662253194128827697e-04
2.416996963858241827e+02,4.624844480734359789e-04
2.417646750152643449e+02,4.652755376647306831e-04
2.418296530791136831e+02,4.624923396221402552e-04
2.418946305759791642e+02,4.617402874475354268e-04
2.419596075044673569e+02,4.622859188649747729e-04
2.420245838631842332e+02,4.651316957626981901e-04
2.420895596507354810e+02,4.606940250009205410e-04
2.421545348657262480e+02,4.638612034504690194e-04
2.422195095067613124e+02,4.641590700425893626e-04
2.422844835724449126e+02,4.626764270432559816e-04
2.423494570613808889e+02,4.620523053028773399e-04
2.424144299721726838e+02,4.624576464165727698e-04
2.424794023034231145e+02,4.606715480995557128e-04
2.425443740537348560e+02,4.615304442657185407e-04
2.426093452217098729e+02,4.599712934487554662e-04
2.426743158059497887e+02,4.630989464677939533e-04
2.427392858050558004e+02,4.610602218302241187e-04
2.428042552176286222e+02,4.605078482776621168e-04
2.428692240422685416e+02,4.622868425457948632e-04
2.429341922775753062e+02,4.621279368457365151e-04
2.429991599221484648e+02,4.600791373765480280e-04
2.430641269745868271e+02,4.629834987093215965e-04
2.431290934334889755e+02,4.601703474658840618e-04
2.431940592974529523e+02,4.588227108809188066e-04
2.432590245650763165e+02,4.600441145901878722e-04
2.433239892349563149e+02,4.598151142656683532e-04
2.433889533056895118e+02,4.613017659681823888e-04
2.434539167758724147e+02,4.607798617963327291e-04
2.435188796441006502e+02,4.603821927105306499e-04
2.435838419089697027e+02,4.605219416754777521e-04
2.436488035690744880e+02,4.586097843759041393e-04
2.437137646230094958e+02,4.608684549094041114e-04
2.437787250693687895e+02,4.599460821174906270e-04
2.438436849067459491e+02,4.597058528902038055e-04
2.439086441337341853e+02,4.582559228265361845e-04
2.439736027489261403e+02,4.637878899401038247e-04
2.440385607509141437e+02,4.595687973194378917e-04
2.441035181382900134e+02,4.571336668484803816e-04
2.441684749096450844e+02,4.589544330273739110e-04
2.442334310635703503e+02,4.628702470324404477e-04
2.442983865986562648e+02,4.612675129484303813e-04
2.443633415134929123e+02,4.614319174839834749e-04
2.444282958066697518e+02,4.602720666269594974e-04
2.444932494767761284e+02,4.612706913924407019e-04
2.445582025224006770e+02,4.599393113340510169e-04
2.446231549421316629e+02,4.622727522507208702e-04
2.446881067345568397e+02,4.609015069819236165e-04
2.447530578982637053e+02,4.617166733703398840e-04
2.448180084318390755e+02,4.623076289095355237e-04
2.448829583338694533e+02,4.623081188207307400e-04
2.449479076029409725e+02,4.614023120486494779e-04
2.450128562376391699e+02,4.630687509821126697e-04
2.450778042365491558e+02,4.618007021396266089e-04
2.451427515982556713e+02,4.634398987156900353e-04
2.452076983213429173e+02,4.647356516177867758e-04
2.452726444043948106e+02,4.651472862697793764e-04
2.453375898459946711e+02,4.634717412243653822e-04
2.454025346447254776e+02,4.668205926865945246e-04
2.454674787991695553e+02,4.662029596769306215e-04
2.455324223079090586e+02,4.683479141471640333e-04
2.455973651695255739e+02,4.660900623086117796e-04
2.456623073826002610e+02,4.692413661349407409e-04
2.457272489457137681e+02,4.673827994067657372e-04
2.457921898574463171e+02,4.689833110956328349e-04
2.458571301163778173e+02,4.697831572955360100e-04
2.459220697210875528e+02,4.710258874619440718e-04
2.459870086701544949e+02,4.705492319464010613e-04
2.460519469621571034e+02,4.710714830516687501e-04
2.461168845956733833e+02,4.719735511392123819e-04
2.461818215692809417e+02,4.724281080996232170e-04
2.462467578815569027e+02,4.727791850327165194e-04
2.463116935310779638e+02,4.731645045019469307e-04
2.463766285164203680e+02,4.750035474775395864e-04
2.464415628361599602e+02,4.764606439965293912e-04
2.465064964888720738e+02,4.764323677940881488e-04
2.465714294731315590e+02,4.759178228604099277e-04
2.466363617875130103e+02,4.777396928161411279e-04
2.467012934305903684e+02,4.823872588819741003e-04
2.467662244009371761e+02,4.786723593420078374e-04
2.468311546971266637e+02,4.781719784119528561e-04
2.468960843177314359e+02,4.817512198291521038e-04
2.469610132613238136e+02,4.813781147355427063e-04
2.470259415264755489e+02,4.809061341816260084e-04
2.470908691117579963e+02,4.846343172678274159e-04
2.471557960157420837e+02,4.852789412192308211e-04
2.472207222369982844e+02,4.876632520960184815e-04
2.472856477740965602e+02,4.866411079297568794e-04
2.473505726256065316e+02,4.942973366521208811e-04
2.474154967900973077e+02,4.904055563634870376e-04
2.474804202661376280e+02,4.915240385321002726e-04
2.475453430522956353e+02,4.919070588595528433e-04
2.476102651471392164e+02,4.913162835091766352e-04
2.476751865492356615e+02,4.923143324536476085e-04
2.477401072571518341e+02,4.956856186152481603e-04
2.478050272694543139e+02,4.951369205939145464e-04
2.478699465847090266e+02,4.980607913886715395e-04
2.479348652014815286e+02,4.985513303540728370e-04
2.479997831183370351e+02,5.028397164824148892e-04
2.480647003338401362e+02,5.013590349525555477e-04
2.481296168465550807e+02,4.998717145733414012e-04
2.481945326550456628e+02,5.009974043445102271e-04
2.482594477578752787e+02,5.047178451121858657e-04
2.483243621536067565e+02,5.044936117455118413e-04
2.483892758408025827e+02,5.071340299073891873e-04
2.484541888180247327e+02,5.062699198776122881e-04
2.485191010838348404e+02,5.054201200942044607e-04
2.485840126367940002e+02,5.063156947885237178e-04
2.486489234754627660e+02,5.089948129238887125e-04
2.487138335984015498e+02,5.084390605817025932e-04
2.487787430041700247e+02,5.086418225699146324e-04
2.488436516913275227e+02,5.086207978121636561e-04
2.489085596584330347e+02,5.103955677217075033e-04
2.489734669040448978e+02,5.116817029038660215e-04
2.490383734267211651e+02,5.142925368745127979e-04
2.491032792250194063e+02,5.117224352226786878e-04
2.491681842974967083e+02,5.136208369686507498e-04
2.492330886427097312e+02,5.125478364822499185e-04
2.492979922592147659e+02,5.143012802584159696e-04
2.493628951455674780e+02,5.165111028351054368e-04
2.494277973003232773e+02,5.174897333685537018e-04
2.494926987220370620e+02,5.151002115453962157e-04
2.495575994092632754e+02,5.140405765892065064e-04
2.496224993605558495e+02,5.165773963111578793e-04
2.496873985744683466e+02,5.181441876013235864e-04
2.497522970495539312e+02,5.188972432403803547e-04
2.498171947843652561e+02,5.176854780051970981e-04
2.498820917774545478e+02,5.182542941785156423e-04
2.499469880273735498e+02,5.174050242986885737e-04
2.500118835326735791e+02,5.179109871805191940e-04
2.500767782919055549e+02,5.193475585685413277e-04
2.501416723036198277e+02,5.178636260136539179e-04
2.502065655663664927e+02,5.235693792088624322e-04
2.502714580786951046e+02,5.225508350361649868e-04
2.503363498391547068e+02,5.176660547225383092e-04
2.504012408462939732e+02,5.185586289476040852e-04
2.504661310986611227e+02,5.187477858702375499e-04
2.505310205948039197e+02,5.175886815807899952e-04
2.505959093332696455e+02,5.198284661570779560e-04
2.506607973126052968e+02,5.196544087089034541e-04
2.507256845313571318e+02,5.207576016923973509e-04
2.507905709880713232e+02,5.148147305193318153e-04
2.508554566812932762e+02,5.198141162215838508e-04
2.509203416095681689e+02,5.181713408835752696e-04
2.509852257714405823e+02,5.185718091403514066e-04
2.510501091654547849e+02,5.174599048692276769e-04
2.511149917901545621e+02,5.180015388676539791e-04
2.511798736440830737e+02,5.159994487526480553e-04
2.512447547257834231e+02,5.181224428253263046e-04
2.513096350337978606e+02,5.185494466578754926e-04
2.513745145666684664e+02,5.184186021826695965e-04
2.514393933229367235e+02,5.167354849669558541e-04
2.515042713011437456e+02,5.186986693136473115e-04
2.515691484998301348e+02,5.162613308792907184e-04
2.516340249175361521e+02,5.159546262502041469e-04
2.516989005528015468e+02,5.158365082464501199e-04
2.517637754041656706e+02,5.174895926742597045e-04
2.518286494701672780e+02,5.120089761374737973e-04
2.518935227493448679e+02,5.160649823804454349e-04
2.519583952402364275e+02,5.140720065485412981e-04
2.520232669413794326e+02,5.112034610153207582e-04
2.520881378513110462e+02,5.102874318839699950e-04
2.521530079685678629e+02,5.109556217286489272e-04
2.522178772916860225e+02,5.082447901364240978e-04
2.522827458192014092e+02,5.097458033822679707e-04
2.523476135496492532e+02,5.068347682374939713e-04
2.524124804815644154e+02,5.076986479509190513e-04
2.524773466134813305e+02,5.051517161773795691e-04
2.525422119439339497e+02,5.067197585097075021e-04
2.526070764714558265e+02,5.055214902289106209e-04
2.526719401945800030e+02,5.034757254799435621e-04
2.527368031118391514e+02,5.034798816173679040e-04
2.528016652217654894e+02,5.029117366100867119e-04
2.528665265228907231e+02,5.011645058921340799e-04
2.529313870137461322e+02,5.031316271691116523e-04
2.529962466928626270e+02,4.974710131649120667e-04
2.530611055587706062e+02,4.959145019074508989e-04
2.531259636099999852e+02,4.970622416018340714e-04
2.531908208450803386e+02,4.974141830703862751e-04
2.532556772625407575e+02,4.974865658987108127e-04
2.533205328609098217e+02,4.955153408071422474e-04
2.533853876387157698e+02,4.930363333661524732e-04
2.534502415944863003e+02,4.924973763610553286e-04
2.535150947267487425e+02,4.914110915840548760e-04
2.535799470340299138e+02,4.893339988515645013e-04
2.536447985148562339e+02,4.913909331800185793e-04
2.537096491677537244e+02,4.917029138340257063e-04
2.537744989912478104e+02,4.863026318729697260e-04
2.538393479838636040e+02,4.863777542198467014e-04
2.539041961441257058e+02,4.839507880239639261e-04
2.539690434705584039e+02,4.848302917210039120e-04
2.540338899616852473e+02,4.821682649019715561e-04
2.540987356160296997e+02,4.827247110583660723e-04
2.541635804321145429e+02,4.783214555345856149e-04
2.542284244084621605e+02,4.809953607795184141e-04
2.542932675435945384e+02,4.791760132762093905e-04
2.543581098360331225e+02,4.802095981262031847e-04
2.544229512842991028e+02,4.757079682622859600e-04
2.544877918869130156e+02,4.762444361253206611e-04
2.545526316423950846e+02,4.734560588675616787e-04
2.546174705492649366e+02,4.737008809378120315e-04
2.546823086060419428e+02,4.704405840617654523e-04
2.547471458112449625e+02,4.743792243852475035e-04
2.548119821633923436e+02,4.721540446003185754e-04
2.548768176610020930e+02,4.730788078500744735e-04
2.549416523025916206e+02,4.674012579033893925e-04
2.550064860866781089e+02,4.695978063860444559e-04
2.550713190117780584e+02,4.668858226770261112e-04
2.551361510764077423e+02,4.683062665630265196e-04
2.552009822790827798e+02,4.654050674450666827e-04
2.552658126183185630e+02,4.652027709972480964e-04
2.553306420926298870e+02,4.663499561719489268e-04
2.553954707005310638e+02,4.650496535951741161e-04
2.554602984405362065e+02,4.611379809764950492e-04
2.555251253111586607e+02,4.619868129934569571e-04
2.555899513109115730e+02,4.606926857760160112e-04
2.556547764383074934e+02,4.629321547734170021e-04
2.557196006918586306e+02,4.602414333514724502e-04
2.557844240700766818e+02,4.626263739415301915e-04
2.558492465714729462e+02,4.588183338335316162e-04
2.559140681945582116e+02,4.589966878275596467e-04
2.559788889378429531e+02,4.564822334177311863e-04
2.560437087998369634e+02,4.580022642063875590e-04
2.561085277790498935e+02,4.544528198068071754e-04
2.561733458739907405e+02,4.549317150398303499e-04
2.562381630831681036e+02,4.523265672629070227e-04
2.563029794050901273e+02,4.561880518082390176e-04
2.563677948382645582e+02,4.544008340344621397e-04
2.564326093811986311e+02,4.533753984631689834e-04
2.564974230323991264e+02,4.527219353124994385e-04
2.565622357903725970e+02,4.497024325551612434e-04
2.566270476536249134e+02,4.512660731565135879e-04
2.566918586206613782e+02,4.517019492051521862e-04
2.567566686899872366e+02,4.525280303339947034e-04
2.568214778601070520e+02,4.485353497626385711e-04
2.568862861295248763e+02,4.508744987341851691e-04
2.569510934967445905e+02,4.479868929546508582e-04
2.570158999602693939e+02,4.490947935468144478e-04
2.570807055186021444e+02,4.498605964066700416e-04
2.571455101702450179e+02,4.492048576488823913e-04
2.572103139137001904e+02,4.479140773390625574e-04
2.572751167474690419e+02,4.470743057727134600e-04
2.573399186700526116e+02,4.481057277751393270e-04
2.574047196799515405e+02,4.455639987711103073e-04
2.574695197756657876e+02,4.471544851323061890e-04
2.575343189556954258e+02,4.459352137462810426e-04
2.575991172185393339e+02,4.457828310456126244e-04
2.576639145626966183e+02,4.468370921909811449e-04
2.577287109866654760e+02,4.474860188584777452e-04
2.577935064889438763e+02,4.447275230090261830e-04
2.578583010680293341e+02,4.446633739353265317e-04
2.579230947224188526e+02,4.446005577385891646e-04
2.579878874506090369e+02,4.467302203413482491e-04
2.580526792510959808e+02,4.432125761327300223e-04
2.581174701223754369e+02,4.449700218484286011e-04
2.581822600629427029e+02,4.439241266865961641e-04
2.582470490712925084e+02,4.461545530416050087e-04
2.583118371459192986e+02,4.421609049217047169e-04
2.583766242853168933e+02,4.449236857573055505e-04
2.584414104879788852e+02,4.429328641518446392e-04
2.585061957523981278e+02,4.447126934516433235e-04
2.585709800770673610e+02,4.436050029483253054e-04
2.586357634604787563e+02,4.441625091223215657e-04
2.587005459011238031e+02,4.433392306294959748e-04
2.587653273974939907e+02,4.441296300823679836e-04
2.588301079480799558e+02,4.435756529022404993e-04
2.588948875513722214e+02,4.465793220585182626e-04
2.589596662058605148e+02,4.450055215486717623e-04
2.590244439100343357e+02,4.458821898230774339e-04
2.590892206623828429e+02,4.441224159752795862e-04
2.591539964613945699e+02,4.438851497026374761e-04
2.592187713055575955e+02,4.456469328978983715e-04
2.592835451933596005e+02,4.450399832921102705e-04
2.593483181232879247e+02,4.446828245662975206e-04
2.594130900938292825e+02,4.442566700656685021e-04
2.594778611034699907e+02,4.450476126491213313e-04
2.595426311506961383e+02,4.462407072073353194e-04
2.596074002339929621e+02,4.442555704614912040e-04
2.596721683518456416e+02,4.481796703026929554e-04
2.597369355027387314e+02,4.452466945731771300e-04
2.598017016851563881e+02,4.468899774789021379e-04
2.598664668975821428e+02,4.477400437544720702e-04
2.599312311384993563e+02,4.502303606360853706e-04
2.599959944063908210e+02,4.472426679856566275e-04
2.600607566997388744e+02,4.472538396298030169e-04
2.601255180170254562e+02,4.456319573254628697e-04
2.601902783567319375e+02,4.475409315362025736e-04
2.602550377173394054e+02,4.468559720669925089e-04
2.603197960973283784e+02,4.494968491602727178e-04
2.603845534951790341e+02,4.498848883649783723e-04
2.604493099093710384e+02,4.497244914469114650e-04
2.605140653383836593e+02,4.484566785040369351e-04
2.605788197806954827e+02,4.505771950712001523e-04
2.606435732347851513e+02,4.496126690340928331e-04
2.607083256991304552e+02,4.498597660688372622e-04
2.607730771722087297e+02,4.481735795115290486e-04
2.608378276524970261e+02,4.509020959526751000e-04
2.609025771384721111e+02,4.533149738752336204e-04
2.609673256286099559e+02,4.510490596901718294e-04
2.610320731213861336e+02,4.523410263734019277e-04
2.610968196152759333e+02,4.543998593305555774e-04
2.611615651087543029e+02,4.522756272529724654e-04
2.612263096002954512e+02,4.520306110194481121e-04
2.612910530883731894e+02,4.538277807755325150e-04
2.613557955714611012e+02,4.524327210699144518e-04
2.614205370480321449e+02,4.529878533190252678e-04
2.614852775165589378e+02,4.526552789984550850e-04
2.615500169755133584e+02,4.525855601630964409e-04
2.616147554233674555e+02,4.524949704846106509e-04
2.616794928585921411e+02,4.546103241387679499e-04
2.617442292796583274e+02,4.540958156199266949e-04
2.618089646850364147e+02,4.526526070625776720e-04
2.618736990731961214e+02,4.532754351821090982e-04
2.619384324426069384e+02,4.541955076542320306e-04
2.620031647917380155e+02,4.537583598216400008e-04
2.620678961190577638e+02,4.527173179291331569e-04
2.621326264230343099e+02,4.532536985162357712e-04
2.621973557021352690e+02,4.546178201209905836e-04
2.622620839548279719e+02,4.556866472654330516e-04
2.623268111795791810e+02,4.545442904277423790e-04
2.623915373748550905e+02,4.547603133232035535e-04
2.624562625391217239e+02,4.573014669308137479e-04
2.625209866708445929e+02,4.567833447892823509e-04
2.625857097684884707e+02,4.573637557813160759e-04
2.626504318305180163e+02,4.579164977381166169e-04
2.627151528553973776e+02,4.576039775789317071e-04
2.627798728415901905e+02,4.557732671049960277e-04
2.628445917875595796e+02,4.537855414817881794e-04
2.629093096917683283e+02,4.575514748465718908e-04
2.629740265526789358e+02,4.558703164599125124e-04
2.630387423687530486e+02,4.598967300511919197e-04
2.631034571384523701e+02,4.553140859735080011e-04
2.631681708602375807e+02,4.566035189935243504e-04
2.632328835325694172e+02,4.558473158263068943e-04
2.632975951539079347e+02,4.574771084557714609e-04
2.633623057227127902e+02,4.568501595658275836e-04
2.634270152374431859e+02,4.580100282553139016e-04
2.634917236965578695e+02,4.567126422452649596e-04
2.635564310985152474e+02,4.584522662071892482e-04
2.636211374417730440e+02,4.552437016101008871e-04
2.636858427247888699e+02,4.596312146433016721e-04
2.637505469460195400e+02,4.567105534566932726e-04
2.638152501039215849e+02,4.582319839344805201e-04
2.638799521969513080e+02,4.571275351669878625e-04
2.639446532235641030e+02,4.570031844206898621e-04
2.640093531822154205e+02,4.596814504938948791e-04
2.640740520713598016e+02,4.606139519839235657e-04
2.641387498894517876e+02,4.569275288673204727e-04
2.642034466349449531e+02,4.585795199813866448e-04
2.642681423062929298e+02,4.584916375068174622e-04
2.643328369019487241e+02,4.600078033524776012e-04
2.643975304203647170e+02,4.600742324744488032e-04
2.644622228599931191e+02,4.647490966345289702e-04
2.645269142192854588e+02,4.576465921611309775e-04
2.645916044966930940e+02,4.633150932378632359e-04
2.646562936906666437e+02,4.610887981973586466e-04
2.647209817996563856e+02,4.631789230420554578e-04
2.647856688221123704e+02,4.632256865881704297e-04
2.648503547564837959e+02,4.633420402717462749e-04
2.649150396012198598e+02,4.642594082550504948e-04
2.649797233547689075e+02,4.651512171383387958e-04
2.650444060155791703e+02,4.639828990351324090e-04
2.651090875820980841e+02,4.660439633211040621e-04
2.651737680527730845e+02,4.663876619498907535e-04
2.652384474260508114e+02,4.672858614106779320e-04
2.653031257003773931e+02,4.660918010368497733e-04
2.653678028741989579e+02,4.665812421328817080e-04
2.654324789459607814e+02,4.674638728393453900e-04
2.654971539141079688e+02,4.672565367500789400e-04
2.655618277770847726e+02,4.688393272509745031e-04
2.656265005333355589e+02,4.702732061940207895e-04
2.656911721813038412e+02,4.703221149834550634e-04
2.657558427194327351e+02,4.691610856757874853e-04
2.658205121461651288e+02,4.688376965598440899e-04
2.658851804599431148e+02,4.704046160094529786e-04
2.659498476592087854e+02,4.714707952225582512e-04
2.660145137424033805e+02,4.720658873153516476e-04
2.660791787079679693e+02,4.734894877684447272e-04
2.661438425543430526e+02,4.750009575294819727e-04
2.662085052799686196e+02,4.724065684447197652e-04
2.662731668832843752e+02,4.764294137202845954e-04
2.663378273627294561e+02,4.767330081791205931e-04
2.664024867167426578e+02,4.780114948986418982e-04
2.664671449437622073e+02,4.777367556278310119e-04
2.665318020422259337e+02,4.791920480680299460e-04
2.665964580105714390e+02,4.805716314621999159e-04
2.666611128472354721e+02,4.804977949425563656e-04
2.667257665506545550e+02,4.826701609363794965e-04
2.667904191192648113e+02,4.840757415130287570e-04
2.668550705515019104e+02,4.812689579690557803e-04
2.669197208458009527e+02,4.854407743875407597e-04
2.669843700005966980e+02,4.839993221798363971e-04
2.670490180143234511e+02,4.856683743301850394e-04
2.671136648854150053e+02,4.864181593075743654e-04
2.671783106123048697e+02,4.867975361901503528e-04
2.672429551934258143e+02,4.865040169324752408e-04
2.673075986272105524e+02,4.921259287110689266e-04
2.673722409120909447e+02,4.876755533860398684e-04
2.674368820464988517e+02,4.942037955368043176e-04
2.675015220288651676e+02,4.901448117317483075e-04
2.675661608576208437e+02,4.954865632723591540e-04
2.676307985311960351e+02,4.920513971484657750e-04
2.676954350480205562e+02,4.963899366338177807e-04
2.677600704065239370e+02,4.960403475850078689e-04
2.678247046051350821e+02,4.964024233750395166e-04
2.678893376422824417e+02,4.996245621383650984e-04
2.679539695163940110e+02,5.018225724501701327e-04
2.680186002258976714e+02,5.002387331026499464e-04
2.680832297692202815e+02,5.016845804263407420e-04
2.681478581447885858e+02,4.984512361821091505e-04
2.682124853510291587e+02,5.003551190844366097e-04
2.682771113863674941e+02,5.015259011406854621e-04
2.683417362492292000e+02,5.028745341653296412e-04
2.684063599380391452e+02,5.050300731701546763e-04
2.684709824512218574e+02,5.038384646139475176e-04
2.685356037872012394e+02,5.054466625739266038e-04
2.686002239444010797e+02,5.083731785157463538e-04
2.686648429212445421e+02,5.070203146126448087e-04
2.687294607161541080e+02,5.061936439242695337e-04
2.687940773275523725e+02,5.078481915493898279e-04
2.688586927538609643e+02,5.103024377310214814e-04
2.689233069935013418e+02,5.101861026200713327e-04
2.689879200448943379e+02,5.142259782518114695e-04
2.690525319064605583e+02,5.125563995082902226e-04
2.691171425766199832e+02,5.179613131610546475e-04
2.691817520537923087e+02,5.127969671083837605e-04
2.692463603363965490e+02,5.158420136800484935e-04
2.693109674228514905e+02,5.168655465622172844e-04
2.693755733115755220e+02,5.196903643508296242e-04
2.694401780009862364e+02,5.199345745977496970e-04
2.695047814895011129e+02,5.210157105761930446e-04
2.695693837755371192e+02,5.224934465664055581e-04
2.696339848575107681e+02,5.234944150486675260e-04
2.696985847338380609e+02,5.251993070355767158e-04
2.697631834029344873e+02,5.275476894305384384e-04
2.698277808632153096e+02,5.253617494083848627e-04
2.698923771130952218e+02,5.281251186781536246e-04
2.699569721509884630e+02,5.281601630151651263e-04
2.700215659753089312e+02,5.314883901096123563e-04
2.700861585844698993e+02,5.294672030876646776e-04
2.701507499768843559e+02,5.319181949527524399e-04
2.702153401509647779e+02,5.308727451155510150e-04
2.702799291051231876e+02,5.345962145430671521e-04
2.703445168377710957e+02,5.367253255406402839e-04
2.704091033473197854e+02,5.346530462377717006e-04
2.704736886321798579e+02,5.354906727305548675e-04
2.705382726907616302e+02,5.370776080969223796e-04
2.706028555214749645e+02,5.375434860625437567e-04
2.706674371227290408e+02,5.406558481054150184e-04
2.707320174929329255e+02,5.385387898148074953e-04
2.707965966304951166e+02,5.396495284362375945e-04
2.708611745338235437e+02,5.390042999741965699e-04
2.709257512013258520e+02,5.394059538928945401e-04
2.709903266314092889e+02,5.428669993949018259e-04
2.710549008224803060e+02,5.423204696956246233e-04
2.711194737729453550e+02,5.438909407351274908e-04
2.711840454812101484e+02,5.415602809470942145e-04
2.712486159456800578e+02,5.423054733574824218e-04
2.713131851647600570e+02,5.405388182095162202e-04
2.713777531368545510e+02,5.420737282462334029e-04
2.714423198603676042e+02,5.448607063050113150e-04
2.715068853337027690e+02,5.438110434777383923e-04
2.715714495552632002e+02,5.438223936588269022e-04
2.716360125234516545e+02,5.436998712087423276e-04
2.717005742366702634e+02,5.432803811008873277e-04
2.717651346933208742e+02,5.430777712228372113e-04
2.718296938918048227e+02,5.444497637976066689e-04
2.718942518305231602e+02,5.419095024550184877e-04
2.719588085078760855e+02,5.454763860060727340e-04
2.720233639222638544e+02,5.447907018126534225e-04
2.720879180720859267e+02,5.434385566688029962e-04
2.721524709557415349e+02,5.435786846367377835e-04
2.722170225716291725e+02,5.448190354953249843e-04
2.722815729181472761e+02,5.432871176311176737e-04
2.723461219936936573e+02,5.424638673201919847e-04
2.724106697966655020e+02,5.432342030304365080e-04
2.724752163254597690e+02,5.465167373821446396e-04
2.725397615784730192e+02,5.404861912277889903e-04
2.726043055541010744e+02,5.424572357851849833e-04
2.726688482507398135e+02,5.422154647856575237e-04
2.727333896667840349e+02,5.416843284817075051e-04
2.727979298006286513e+02,5.454666571649999197e-04
2.728624686506676653e+02,5.427828026159568862e-04
2.729270062152950800e+02,5.407336672235644320e-04
2.729915424929042729e+02,5.398098084246194918e-04
2.730560774818879395e+02,5.391086257304661964e-04
2.731206111806387185e+02,5.397276744137165412e-04
2.731851435875484526e+02,5.392396805513643455e-04
2.732496747010088711e+02,5.404962416160086778e-04
2.733142045194109642e+02,5.381347620988709973e-04
2.733787330411455514e+02,5.400271630025530768e-04
2.734432602646027135e+02,5.328656002736713608e-04
2.735077861881723038e+02,5.371001975546903706e-04
2.735723108102436640e+02,5.341638631274487877e-04
2.736368341292056812e+02,5.350239498298148743e-04
2.737013561434469011e+02,5.358293355517780229e-04
2.737658768513551308e+02,5.319015002002833083e-04
2.738303962513180068e+02,5.347743100665368040e-04
2.738949143417228242e+02,5.297901116554376436e-04
2.739594311209560260e+02,5.277552162855511870e-04
2.740239465874039411e+02,5.323713113634903453e-04
2.740884607394523300e+02,5.264168442586071800e-04
2.741529735754864987e+02,5.275839438134462137e-04
2.742174850938914119e+02,5.244132016500140103e-04
2.742819952930514091e+02,5.273277736436660177e-04
2.743465041713506594e+02,5.242570722038268800e-04
2.744110117271725358e+02,5.244691688647379032e-04
2.744755179589002410e+02,5.223622099441068692e-04
2.745400228649164092e+02,5.200709201200453408e-04
2.746045264436032767e+02,5.205896401472591070e-04
2.746690286933426250e+02,5.206611448462778293e-04
2.747335296125157242e+02,5.191644941432233202e-04
2.747980291995036168e+02,5.153730242604369349e-04
2.748625274526865496e+02,5.160615506491912337e-04
2.749270243704447694e+02,5.154596659401597999e-04
2.749915199511574428e+02,5.120781018744098535e-04
2.750560141932040779e+02,5.079786801784627820e-04
2.751205070949630453e+02,5.094490176560874557e-04
2.751849986548126594e+02,5.129677270634900579e-04
2.752494888711308363e+02,5.080625588510412783e-04
2.753139777422945826e+02,5.066888576240754193e-04
2.753784652666811326e+02,5.056210272391956431e-04
2.754429514426666401e+02,5.046671680103834764e-04
2.755074362686273162e+02,5.004385480904349846e-04
2.755719197429385190e+02,4.994959646153002619e-04
2.756364018639753795e+02,4.975315804052125564e-04
2.757008826301127442e+02,4.990745377908115165e-04
2.757653620397245504e+02,4.987758423395180366e-04
2.758298400911847352e+02,4.983959533324807756e-04
2.758943167828666105e+02,4.931364816583481102e-04
2.759587921131429766e+02,4.933495863869449913e-04
2.760232660803862927e+02,4.898460600744327861e-04
2.760877386829685065e+02,4.912192148690008343e-04
2.761522099192613382e+02,4.903303494175194170e-04
2.762166797876357123e+02,4.896953059226160764e-04
2.762811482864622690e+02,4.882446230680498821e-04
2.763456154141112506e+02,4.860298149132189004e-04
2.764100811689525585e+02,4.816918478021214953e-04
2.764745455493552413e+02,4.815182715172279244e-04
2.765390085536883475e+02,4.813880010821284389e-04
2.766034701803202438e+02,4.818351025624598378e-04
2.766679304276190123e+02,4.793696184020006116e-04
2.767323892939519965e+02,4.755522458037549170e-04
2.767968467776863690e+02,4.767639743813811923e-04
2.768613028771889617e+02,4.754848683131026026e-04
2.769257575908256968e+02,4.716657863450182523e-04
2.769902109169624396e+02,4.713917192789459070e-04
2.770546628539645440e+02,4.656219466301762572e-04
2.771191134001968521e+02,4.679080153374222026e-04
2.771835625540236947e+02,4.655527261516769735e-04
2.772480103138091181e+02,4.656217276248432913e-04
2.773124566779167139e+02,4.641564416904041604e-04
2.773769016447094486e+02,4.637662231183806551e-04
2.774413452125500044e+02,4.586981818792373704e-04
2.775057873798007222e+02,4.577966573184246313e-04
2.775702281448230906e+02,4.556153004564479506e-04
2.776346675059785412e+02,4.560169670157021658e-04
2.776991054616279939e+02,4.563300820452630699e-04
2.777635420101318005e+02,4.562481938666163093e-04
2.778279771498499144e+02,4.504493061575565106e-04
2.778924108791418917e+02,4.501000236919195101e-04
2.779568431963667763e+02,4.485337029496075769e-04
2.780212740998832714e+02,4.498476967514796637e-04
2.780857035880494550e+02,4.470235332332724303e-04
2.781501316592232342e+02,4.442361410585705657e-04
2.782145583117617775e+02,4.428966909894928067e-04
2.782789835440219122e+02,4.467338288013708429e-04
2.783434073543601244e+02,4.411981697349495247e-04
2.784078297411324456e+02,4.402764585105552859e-04
2.784722507026942822e+02,4.404903918235172954e-04
2.785366702374006991e+02,4.397244556617933516e-04
2.786010883436063068e+02,4.378321329850905826e-04
2.786655050196655452e+02,4.359937360963818983e-04
2.787299202639317741e+02,4.355247210504480408e-04
2.787943340747586376e+02,4.324480381789344509e-04
2.788587464504986428e+02,4.325663823914739051e-04
2.789231573895045244e+02,4.305188600566009298e-04
2.789875668901279937e+02,4.309172934181735009e-04
2.790519749507206484e+02,4.295291731568389110e-04
2.791163815696336883e+02,4.277302808840509622e-04
2.791807867452175174e+02,4.257878230773291740e-04
2.792451904758223691e+02,4.243737516169479042e-04
2.793095927597980790e+02,4.245497727851010785e-04
2.793739935954939710e+02,4.207572961617004801e-04
2.794383929812586871e+02,4.220096576748083215e-04
2.795027909154407553e+02,4.237136460970247179e-04
2.795671873963881353e+02,4.211966913332957697e-04
2.796315824224483322e+02,4.200203969041240489e-04
2.796959759919683961e+02,4.205855179114236669e-04
2.797603681032949225e+02,4.164803351223052286e-04
2.798247587547741091e+02,4.195939034591536867e-04
2.798891479447515849e+02,4.143206907311777982e-04
2.799535356715728653e+02,4.141350487590706657e-04
2.800179219335825564e+02,4.102579542673955438e-04
2.800823067291252073e+02,4.122749901659765177e-04
2.801466900565446849e+02,4.106407359828664872e-04
2.802110719141845152e+02,4.117159715131232019e-04
2.802754523003878830e+02,4.079097110012201667e-04
2.803398312134970638e+02,4.090070011755618409e-04
2.804042086518546171e+02,4.081881602393249309e-04
2.804685846138019656e+02,4.077112317330954948e-04
2.805329590976805889e+02,4.063077335365644009e-04
2.805973321018312276e+02,4.039851355813617729e-04
2.806617036245942245e+02,4.021348945560929470e-04
2.807260736643096948e+02,4.043604358454344345e-04
2.807904422193169580e+02,4.019532180571541258e-04
2.808548092879551064e+02,4.023309522838641825e-04
2.809191748685628909e+02,4.018755285620350119e-04
2.809835389594783237e+02,4.022683449785824351e-04
2.810479015590390759e+02,3.984198180941391529e-04
2.811122626655825911e+02,4.014143619897249816e-04
2.811766222774456878e+02,3.966223502953368030e-04
2.812409803929645591e+02,3.985228662050028028e-04
2.813053370104752275e+02,3.956941499989135008e-04
2.813696921283133747e+02,3.965532598642415173e-04
2.814340457448138295e+02,3.944020857265095729e-04
2.814983978583111934e+02,3.940067005883994360e-04
2.815627484671397838e+02,3.941649491097038230e-04
2.816270975696331789e+02,3.917163448751862583e-04
2.816914451641247297e+02,3.909909892163013429e-04
2.817557912489471619e+02,3.938395631857801783e-04
2.818201358224329738e+02,3.904763278745971081e-04
2.818844788829140384e+02,3.908768097426097861e-04
2.819488204287218309e+02,3.895736975831611492e-04
2.820131604581873148e+02,3.892197578439409236e-04
2.820774989696413400e+02,3.887336773341070351e-04
2.821418359614137898e+02,3.898339375609244785e-04
2.822061714318344912e+02,3.875431022899257830e-04
2.822705053792328158e+02,3.881256217216851631e-04
2.823348378019374536e+02,3.870036205301452471e-04
2.823991686982766396e+02,3.849726002598985626e-04
2.824634980665784951e+02,3.847812330405128321e-04
2.825278259051706300e+02,3.851407782517029523e-04
2.825921522123797445e+02,3.836971280254014333e-04
2.826564769865325957e+02,3.836428609286398044e-04
2.827208002259554860e+02,3.823562275490289186e-04
2.827851219289738083e+02,3.830797561160428607e-04
2.828494420939130691e+02,3.823779401851344867e-04
2.829137607190979224e+02,3.832769696148331882e-04
2.829780778028529085e+02,3.809471663434032683e-04
2.830423933435017716e+02,3.822340580329239117e-04
2.831067073393681994e+02,3.810240263656205053e-04
2.831710197887749700e+02,3.784788004834389917e-04
2.832353306900448615e+02,3.800333580354922571e-04
2.832996400414999130e+02,3.779323579654835213e-04
2.833639478414618225e+02,3.772986514199565830e-04
2.834282540882519470e+02,3.792762640819569370e-04
2.834925587801910183e+02,3.773240448880281982e-04
2.835568619155993701e+02,3.767508558926563052e-04
2.836211634927969385e+02,3.767403565408858736e-04
2.836854635101033750e+02,3.763233736590167276e-04
2.837497619658373651e+02,3.754073676065693361e-04
2.838140588583177646e+02,3.754666698112136820e-04
2.838783541858626336e+02,3.735107034416074471e-04
2.839426479467895774e+02,3.727576616091882612e-04
2.840069401394160309e+02,3.722218206995876614e-04
2.840712307620586898e+02,3.744688809418384454e-04
2.841355198130337953e+02,3.712030208826278921e-04
2.841998072906574748e+02,3.727603694884266462e-04
2.842640931932449462e+02,3.730967125655235204e-04
2.843283775191115410e+02,3.743199541487209352e-04
2.843926602665716246e+02,3.711957869258541228e-04
2.844569414339393916e+02,3.716825059170427120e-04
2.845212210195284683e+02,3.692814863492172505e-04
2.845854990216522538e+02,3.709438305863106558e-04
2.846497754386233510e+02,3.694621102915357047e-04
2.847140502687541925e+02,3.690289285856343613e-04
2.847783235103567563e+02,3.697787043573806578e-04
2.848425951617423380e+02,3.696911414226988638e-04
2.849068652212222332e+02,3.672174754116331067e-04
2.849711336871067715e+02,3.701737772173927746e-04
2.850354005577061116e+02,3.689665097915595295e-04
2.850996658313299577e+02,3.680695084365813051e-04
2.851639295062876158e+02,3.656312026527546539e-04
2.852281915808878239e+02,3.669958477108098112e-04
2.852924520534388648e+02,3.655369825920712031e-04
2.853567109222488511e+02,3.673310045901546830e-04
2.854209681856249290e+02,3.646220831988462971e-04
2.854852238418744150e+02,3.637737957026431672e-04
2.855494778893037164e+02,3.632605061494545580e-04
2.856137303262189562e+02,3.661731794061539604e-04
2.856779811509257456e+02,3.642420110734950127e-04
2.857422303617295256e+02,3.653106356091651648e-04
2.858064779569349980e+02,3.633112177121283867e-04
2.858707239348463531e+02,3.631303286916748177e-04
2.859349682937676675e+02,3.628815204312982735e-04
2.859992110320023357e+02,3.627822489354678038e-04
2.860634521478532974e+02,3.609141160970240781e-04
2.861276916396232650e+02,3.642160783116015583e-04
2.861919295056142687e+02,3.608526068429844394e-04
2.862561657441279976e+02,3.622119283488199420e-04
2.863204003534655726e+02,3.604986067027637691e-04
2.863846333319279438e+02,3.623427138404681082e-04
2.864488646778152656e+02,3.582343767802777398e-04
2.865130943894276356e+02,3.605167468251553901e-04
2.865773224650643556e+02,3.603913372907944146e-04
2.866415489030245567e+02,3.601620973178833239e-04
2.867057737016065744e+02,3.597163062517317071e-04
2.867699968591086872e+02,3.587709994700789200e-04
2.868342183738286053e+02,3.596479697167202739e-04
2.868984382440634704e+02,3.582377156798686861e-04
2.869626564681099694e+02,3.582233282206578081e-04
2.870268730442646756e+02,3.567846823434794260e-04
2.870910879708232528e+02,3.560979999946599838e-04
2.871553012460811942e+02,3.575069491760946580e-04
2.872195128683335383e+02,3.551970687248555804e-04
2.872837228358748689e+02,3.563756765087937295e-04
2.873479311469991444e+02,3.560160602794679554e-04
2.874121378000002096e+02,3.556956150102276969e-04
2.874763427931712272e+02,3.531329898869418177e-04
2.875405461248049050e+02,3.563522474984380777e-04
2.876047477931935532e+02,3.535489065439039878e-04
2.876689477966291975e+02,3.530100791943504689e-04
2.877331461334031246e+02,3.544982303923988097e-04
2.877973428018063942e+02,3.543457307076422849e-04
2.878615378001294971e+02,3.515872769452209811e-04
2.879257311266626971e+02,3.527939108522673713e-04
2.879899227796955188e+02,3.517006400262586460e-04
2.880541127575171458e+02,3.523526320391651492e-04
2.881183010584163640e+02,3.498806612976163889e-04
2.881824876806815041e+02,3.507491240773936221e-04
2.882466726226004425e+02,3.495250614537275219e-04
2.883108558824607144e+02,3.499446871961480040e-04
2.883750374585491727e+02,3.500768801737002005e-04
2.884392173491524431e+02,3.493577219839869279e-04
2.885033955525565830e+02,3.487325488993866986e-04
2.885675720670471378e+02,3.483830911451629383e-04
2.886317468909095396e+02,3.474665975952673756e-04
2.886959200224284245e+02,3.483913851183945099e-04
2.887600914598880877e+02,3.463294233478035199e-04
2.888242612015723694e+02,3.473175639163639445e-04
2.888884292457648257e+02,3.456968990050918243e-04
2.889525955907483876e+02,3.475656066514062848e-04
2.890167602348054174e+02,3.454845924188571491e-04
2.890809231762183344e+02,3.450703462887290299e-04
2.891450844132685347e+02,3.456689278774105782e-04
2.892092439442373006e+02,3.456764213958602111e-04
2.892734017674054030e+02,3.450426545808697536e-04
2.893375578810531010e+02,3.435369651983984996e-04
2.894017122834602560e+02,3.435112431095877568e-04
2.894658649729063882e+02,3.440724279918610357e-04
2.895300159476704493e+02,3.426738563452140225e-04
2.895941652060308229e+02,3.424053096099034148e-04
2.896583127462657217e+02,3.415104255030747249e-04
2.897224585666528469e+02,3.425039999593415909e-04
2.897866026654692746e+02,3.419115528771919177e-04
2.898507450409917965e+02,3.427891192099032070e-04
2.899148856914966359e+02,3.421973820398117091e-04
2.899790246152598456e+02,3.416041986386228208e-04
2.900431618105567395e+02,3.413887094519652519e-04
2.901072972756622335e+02,3.421386656232237172e-04
2.901714310088509023e+02,3.408385492422431494e-04
2.902355630083968663e+02,3.419154013799659210e-04
2.902996932725736201e+02,3.406577566956561277e-04
2.903638217996546018e+02,3.398147222948846250e-04
2.904279485879122831e+02,3.400140599569968065e-04
2.904920736356191355e+02,3.403952582421126537e-04
2.905561969410470056e+02,3.397938037938218843e-04
2.906203185024672280e+02,3.397267198615152792e-04
2.906844383181508533e+02,3.383194152273239440e-04
2.907485563863683069e+02,3.399127024787418371e-04
2.908126727053897866e+02,3.374741621148719703e-04
2.908767872734848652e+02,3.402462091777192486e-04
2.909409000889226036e+02,3.374005666373361347e-04
2.910050111499719492e+02,3.402481317267700887e-04
2.910691204549010536e+02,3.402860071758738014e-04
2.911332280019778409e+02,3.400981413536590249e-04
2.911973337894697238e+02,3.396715049969420441e-04
2.912614378156435464e+02,3.390149098652713998e-04
2.913255400787660960e+02,3.379040367167557572e-04
2.913896405771031368e+02,3.388041857280281216e-04
2.914537393089203761e+02,3.395625311705537347e-04
2.915178362724830095e+02,3.390767042578296292e-04
2.915819314660558916e+02,3.394488931234236400e-04
2.916460248879031383e+02,3.400707577481743081e-04
2.917101165362887514e+02,3.406481480225909109e-04
2.917742064094760508e+02,3.399635101663380323e-04
2.918382945057280153e+02,3.392189305811835805e-04
2.919023808233071122e+02,3.408401428516642231e-04
2.919664653604753539e+02,3.402039140233959467e-04
2.920305481154944687e+02,3.404850244599143087e-04
2.920946290866256732e+02,3.391453407441359300e-04
2.921587082721295019e+02,3.407629964780733295e-04
2.922227856702664894e+02,3.397562393274820174e-04
2.922868612792963745e+02,3.414713921355608771e-04
2.923509350974784411e+02,3.408347376186919120e-04
2.924150071230717458e+02,3.409447298727050603e-04
2.924790773543347768e+02,3.400371097165035255e-04
2.925431457895255676e+02,3.416455742385675711e-04
2.926072124269016967e+02,3.432395646881431536e-04
2.926712772647205725e+02,3.426650948539998985e-04
2.927353403012386366e+02,3.417194878743313601e-04
2.927994015347123309e+02,3.421860369449321597e-04
2.928634609633973014e+02,3.426961116585794907e-04
2.929275185855491941e+02,3.433173503078790515e-04
2.929915743994228023e+02,3.414138173246029006e-04
2.930556284032726353e+02,3.432142285925695127e-04
2.931196805953527473e+02,3.411519203919692231e-04
2.931837309739168518e+02,3.424096384553955473e-04
2.932477795372179799e+02,3.427404049117110008e-04
2.933118262835089354e+02,3.436959602791165138e-04
2.933758712110419538e+02,3.418118962116810638e-04
2.934399143180688156e+02,3.447301360991431463e-04
2.935039556028410743e+02,3.424102159186749985e-04
2.935679950636094304e+02,3.449739052998195303e-04
2.936320326986245846e+02,3.428295667759532713e-04
2.936960685061364416e+02,3.462285097260921923e-04
2.937601024843947357e+02,3.444649974497402626e-04
2.938241346316485760e+02,3.431213524534452780e-04
2.938881649461465599e+02,3.461555814825144914e-04
2.939521934261371712e+02,3.441582941680118969e-04
2.940162200698680408e+02,3.442651557170406189e-04
2.940802448755867999e+02,3.472156010993177294e-04
2.941442678415399996e+02,3.459574673431465306e-04
2.942082889659744183e+02,3.476101270925109816e-04
2.942723082471361522e+02,3.462112276987622662e-04
2.943363256832705019e+02,3.476932669084935095e-04
2.944003412726229385e+02,3.479039726313886164e-04
2.944643550134379666e+02,3.459205823174846457e-04
2.945283669039598635e+02,3.488248530484931373e-04
2.945923769424325656e+02,3.464399976800014197e-04
2.946563851270993268e+02,3.479227063073890612e-04
2.947203914562032878e+02,3.494217010982787037e-04
2.947843959279866226e+02,3.476600544122536354e-04
2.948483985406915622e+02,3.495820131969833025e-04
2.949123992925597122e+02,3.495626406566335769e-04
2.949763981818321668e+02,3.506936632414806281e-04
2.950403952067495652e+02,3.486973804976738135e-04
2.951043903655522627e+02,3.495572969014046805e-04
2.951683836564801027e+02,3.499176667159709965e-04
2.952323750777723035e+02,3.517541950161564559e-04
2.952963646276680265e+02,3.479183207964622686e-04
2.953603523044055237e+02,3.513067791248774760e-04
2.954243381062229901e+02,3.509233552585600381e-04
2.954883220313578249e+02,3.540235319816147606e-04
2.955523040780473139e+02,3.521262146975590707e-04
2.956162842445281740e+02,3.516805056996220912e-04
2.956802625290365540e+02,3.523806800177498575e-04
2.957442389298085459e+02,3.517670600093245037e-04
2.958082134450790477e+02,3.525779853650633840e-04
2.958721860730833555e+02,3.512042186059213225e-04
2.959361568120557990e+02,3.524985675673257914e-04
2.960001256602303670e+02,3.540419272863183490e-04
2.960640926158407638e+02,3.542248536022791269e-04
2.961280576771200117e+02,3.535820447464457154e-04
2.961920208423009058e+02,3.532545905927144390e-04
2.962559821096156156e+02,3.542697331991393069e-04
2.963199414772960836e+02,3.556980439463045440e-04
2.963838989435733993e+02,3.569467539321888902e-04
2.964478545066786523e+02,3.519927738688932023e-04
2.965118081648424209e+02,3.573741809902671366e-04
2.965757599162945439e+02,3.549652766543506875e-04
2.966397097592646901e+02,3.550308233935948370e-04
2.967036576919819026e+02,3.544595016013748047e-04
2.967676037126749407e+02,3.543709000961510524e-04
2.968315478195720516e+02,3.546351428757633126e-04
2.968954900109009714e+02,3.556783324175770856e-04
2.969594302848892653e+02,3.550670296294000422e-04
2.970233686397636461e+02,3.578494951902604147e-04
2.970873050737505423e+02,3.563236452014207972e-04
2.971512395850760413e+02,3.564546179222761449e-04
2.972151721719657189e+02,3.545032277680822716e-04
2.972791028326448100e+02,3.564412487923120402e-04
2.973430315653378102e+02,3.554638900233627165e-04
2.974069583682689881e+02,3.565331992477370937e-04
2.974708832396623279e+02,3.559246384161993842e-04
2.975348061777409043e+02,3.555029465162411976e-04
2.975987271807279058e+02,3.577362616892336964e-04
2.976626462468455543e+02,3.557734340034399948e-04
2.977265633743159015e+02,3.565760058846914387e-04
2.977904785613606577e+02,3.574437112875851323e-04
2.978543918062007947e+02,3.562694814959280762e-04
2.979183031070571701e+02,3.567501598238444508e-04
2.979822124621497323e+02,3.567866585821376593e-04
2.980461198696984866e+02,3.589692775681335691e-04
2.981100253279228127e+02,3.567846326716208943e-04
2.981739288350415222e+02,3.575312780814585384e-04
2.982378303892729718e+02,3.577977715709690929e-04
2.983017299888353477e+02,3.575694804122339925e-04
2.983656276319460972e+02,3.591774776373109082e-04
2.984295233168223831e+02,3.605143948953353828e-04
2.984934170416809138e+02,3.584657919359802579e-04
2.985573088047377723e+02,3.582937447710469515e-04
2.986211986042089279e+02,3.560729784621687391e-04
2.986850864383096678e+02,3.572052243812510802e-04
2.987489723052547674e+02,3.566169750631882065e-04
2.988128562032587752e+02,3.578897418923336605e-04
2.988767381305357276e+02,3.567955025809252563e-04
2.989406180852990929e+02,3.587198326650765565e-04
2.990044960657620550e+02,3.569539464351318401e-04
2.990683720701372295e+02,3.551485199071239261e-04
2.991322460966368908e+02,3.576767152688973563e-04
2.991961181434728019e+02,3.570123772810516994e-04
2.992599882088562708e+02,3.564804340076166856e-04
2.993238562909980942e+02,3.567601936064455112e-04
2.993877223881089549e+02,3.577740029334970260e-04
2.994515864983986830e+02,3.569285953140604803e-04
2.995154486200768815e+02,3.557216716369584835e-04
2.995793087513526416e+02,3.580202426705737036e-04
2.996431668904345429e+02,3.574770454331863806e-04
2.997070230355309945e+02,3.571650255268696262e-04
2.997708771848496099e+02,3.573092948023206747e-04
2.998347293365977180e+02,3.547201199709639819e-04
2.998985794889824206e+02,3.574102042400983665e-04
2.999624276402097962e+02,3.568838589442425600e-04
3.000262737884861508e+02,3.559198041450066649e-04
3.000901179320168239e+02,3.576858340976365016e-04
3.001539600690071552e+02,3.567379857999674101e-04
3.002178001976615178e+02,3.560575106897955833e-04
3.002816383161842850e+02,3.559933408523177569e-04
3.003454744227792617e+02,3.554946767679461900e-04
3.004093085156496272e+02,3.544481536791041021e-04
3.004731405929984476e+02,3.563540882541208865e-04
3.005369706530278791e+02,3.549521843141771604e-04
3.006007986939402485e+02,3.534896123969970077e-04
3.006646247139367460e+02,3.525880572422001626e-04
3.007284487112188458e+02,3.543235697768473691e-04
3.007922706839869420e+02,3.537734742623168532e-04
3.008560906304412583e+02,3.536676809172244608e-04
3.009199085487816205e+02,3.544021459415792690e-04
3.009837244372073428e+02,3.533404507478360304e-04
3.010475382939173414e+02,3.528207042470064684e-04
3.011113501171100211e+02,3.539836502472567983e-04
3.011751599049832180e+02,3.528903827415935364e-04
3.012389676557345979e+02,3.536618992766643252e-04
3.013027733675612012e+02,3.505450591439462091e-04
3.013665770386598979e+02,3.511990150271729295e-04
3.014303786672265346e+02,3.517764683320601863e-04
3.014941782514571287e+02,3.523270348232026877e-04
3.015579757895468447e+02,3.511206054406023421e-04
3.016217712796906767e+02,3.507265008862111319e-04
3.016855647200828798e+02,3.494277024908448194e-04
3.017493561089177092e+02,3.497842292886616899e-04
3.018131454443883399e+02,3.484767510377398815e-04
3.018769327246881176e+02,3.494425856060289393e-04
3.019407179480096488e+02,3.486747771660820205e-04
3.020045011125450287e+02,3.479996527711425730e-04
3.020682822164860681e+02,3.480699650309751654e-04
3.021320612580241232e+02,3.481858657970058539e-04
3.021958382353500383e+02,3.474191160821461354e-04
3.022596131466540896e+02,3.460341965214910843e-04
3.023233859901263827e+02,3.454597507343995055e-04
3.023871567639565114e+02,3.484293593433924249e-04
3.024509254663333877e+02,3.477815172894748960e-04
3.025146920954457528e+02,3.475512502037601966e-04
3.025784566494818364e+02,3.449682545930906632e-04
3.026422191266292998e+02,3.455096416380291956e-04
3.027059795250753496e+02,3.464217610815979948e-04
3.027697378430070785e+02,3.441198827526178463e-04
3.028334940786108405e+02,3.425752610850776219e-04
3.028972482300724778e+02,3.441898505732422179e-04
3.029610002955774917e+02,3.404256056410989522e-04
3.030247502733112128e+02,3.423930082354111320e-04
3.030884981614580624e+02,3.402619674848420916e-04
3.031522439582022344e+02,3.389439324506745860e-04
3.032159876617275245e+02,3.402519115339315255e-04
3.032797292702172172e+02,3.397485728564921827e-04
3.033434687818541988e+02,3.397803263517212846e-04
3.034072061948207306e+02,3.380653765968547443e-04
3.034709415072990168e+02,3.363632735324277785e-04
3.035346747174704660e+02,3.393155256789593733e-04
3.035984058235160319e+02,3.379318842793179291e-04
3.036621348236164408e+02,3.368589939573590655e-04
3.037258617159519076e+02,3.376891885546905365e-04
3.037895864987020786e+02,3.354467482936401455e-04
3.038533091700463729e+02,3.346256063708205413e-04
3.039170297281635271e+02,3.358735618621743954e-04
3.039807481712319941e+02,3.345726067309879822e-04
3.040444644974296580e+02,3.340515733326134581e-04
3.041081787049340619e+02,3.329775628670590942e-04
3.041718907919224080e+02,3.322849720283700312e-04
3.042356007565712162e+02,3.321848055242417269e-04
3.042993085970566085e+02,3.328572490264323841e-04
3.043630143115543092e+02,3.313208923975098576e-04
3.044267178982397581e+02,3.307794671859484140e-04
3.044904193552876563e+02,3.287052314512600043e-04
3.045541186808723069e+02,3.309987173355048978e-04
3.046178158731679559e+02,3.288300960494081808e-04
3.046815109303479403e+02,3.289340658100130569e-04
3.047452038505853125e+02,3.269771200752782762e-04
3.048088946320526702e+02,3.264836206232435228e-04
3.048725832729222702e+02,3.244998625714484155e-04
3.049362697713658008e+02,3.246357056227104740e-04
3.049999541255544955e+02,3.240186191300313415e-04
3.050636363336592467e+02,3.241350948102842159e-04
3.051273163938503785e+02,3.231085163136715693e-04
3.051909943042980444e+02,3.234555032556612098e-04
3.052546700631713747e+02,3.214730025104348024e-04
3.053183436686398409e+02,3.225360181260471617e-04
3.053820151188717205e+02,3.217285541931774804e-04
3.054456844120352912e+02,3.216580465663633980e-04
3.055093515462983760e+02,3.197488454676732095e-04
3.055730165198281156e+02,3.189413363799085683e-04
3.056366793307914804e+02,3.151897505519917668e-04
3.057003399773547017e+02,3.173669743644857663e-04
3.057639984576838401e+02,3.175693433215469948e-04
3.058276547699442176e+02,3.168889122462814232e-04
3.058913089123011559e+02,3.170186325863245968e-04
3.059549608829191243e+02,3.162109789629669347e-04
3.060186106799620802e+02,3.145167643801575130e-04
3.060822583015941518e+02,3.131700686635942722e-04
3.061459037459782735e+02,3.125095906516234083e-04
3.062095470112774365e+02,3.133183860300098626e-04
3.062731880956539499e+02,3.107909817132267945e-04
3.063368269972698386e+02,3.120059503276332289e-04
3.064004637142864453e+02,3.098861293451606611e-04
3.064640982448649424e+02,3.105729684492722809e-04
3.065277305871659337e+02,3.087611993206435478e-04
3.065913607393494544e+02,3.068617892940030015e-04
3.066549886995753695e+02,3.062515322880098988e-04
3.067186144660028049e+02,3.067957340108010936e-04
3.067822380367906590e+02,3.073512298948207150e-04
3.068458594100973187e+02,3.065452872752875155e-04
3.069094785840807162e+02,3.064891571698069128e-04
3.069730955568982722e+02,3.047115143430527309e-04
3.070367103267070092e+02,3.039655587438060591e-04
3.071003228916636658e+02,3.032759290746863648e-04
3.071639332499242983e+02,3.033737561146391181e-04
3.072275413996445650e+02,3.023746339171758070e-04
3.072911473389798971e+02,2.992915132763547190e-04
3.073547510660849298e+02,3.012881252612905226e-04
3.074183525791140141e+02,3.006788621316453403e-04
3.074819518762212738e+02,2.985220563152280468e-04
3.075455489555599797e+02,2.992017423600950242e-04
3.076091438152833462e+02,2.997420681320028379e-04
3.076727364535437914e+02,2.970250206297394223e-04
3.077363268684936770e+02,2.974867205712615850e-04
3.077999150582845687e+02,2.974904729606531444e-04
3.078635010210676910e+02,2.973447354466751355e-04
3.079270847549938708e+02,2.945248035697621103e-04
3.079906662582135368e+02,2.954717112329208694e-04
3.080542455288766064e+02,2.934309465173660187e-04
3.081178225651323714e+02,2.928082744558524464e-04
3.081813973651301808e+02,2.943597214169528737e-04
3.082449699270184169e+02,2.916418657154717302e-04
3.083085402489451212e+02,2.916871784783918431e-04
3.083721083290582214e+02,2.914994818748764495e-04
3.084356741655048495e+02,2.903568791666742721e-04
3.084992377564318531e+02,2.910668203950847466e-04
3.085627990999855115e+02,2.889652731368086034e-04
3.086263581943119334e+02,2.903113668186141317e-04
3.086899150375563181e+02,2.880899057030892403e-04
3.087534696278638648e+02,2.870213945777894842e-04
3.088170219633791476e+02,2.866423673659649978e-04
3.088805720422462286e+02,2.873548529335968253e-04
3.089441198626088294e+02,2.848596866722451519e-04
3.090076654226102733e+02,2.866844979974516477e-04
3.090712087203932015e+02,2.859010657598338024e-04
3.091347497541001417e+02,2.858658530332091208e-04
3.091982885218728256e+02,2.824072512244794604e-04
3.092618250218528715e+02,2.846195747571266649e-04
3.093253592521812720e+02,2.811511430405213142e-04
3.093888912109985654e+02,2.845769731323780452e-04
3.094524208964448349e+02,2.815349100208429205e-04
3.095159483066598227e+02,2.832127254890117731e-04
3.095794734397828165e+02,2.806656496710326120e-04
3.096429962939524785e+02,2.812690331956731052e-04
3.097065168673072435e+02,2.801864516637090144e-04
3.097700351579851485e+02,2.814066572275142689e-04
3.098335511641233779e+02,2.788208621527959769e-04
3.098970648838592297e+02,2.780690112322395683e-04
3.099605763153290354e+02,2.779905657171016765e-04
3.100240854566690132e+02,2.784877055448164236e-04
3.100875923060148693e+02,2.767298859430864432e-04
3.101510968615017418e+02,2.763541050033262148e-04
3.102145991212645981e+02,2.765797448375194030e-04
3.102780990834376098e+02,2.768705413410412993e-04
3.103415967461547780e+02,2.758189964808597356e-04
3.104050921075494784e+02,2.751636662442424278e-04
3.104685851657548596e+02,2.742020711650963055e-04
3.105320759189032742e+02,2.742514568070513739e-04
3.105955643651270179e+02,2.727818562963880609e-04
3.106590505025578182e+02,2.733365203025790702e-04
3.107225343293266633e+02,2.721412956782114025e-04
3.107860158435644848e+02,2.721436247860102272e-04
3.108494950434016459e+02,2.725233012551280952e-04
3.109129719269679981e+02,2.712673962225632803e-04
3.109764464923929950e+02,2.705184268120344195e-04
3.110399187378056354e+02,2.707280764802650740e-04
3.111033886613344066e+02,2.701805531785753394e-04
3.111668562611076254e+02,2.700800229516741604e-04
3.112303215352528696e+02,2.693668597706296865e-04
3.112937844818972053e+02,2.704569714010198714e-04
3.113572450991675282e+02,2.684863026905463107e-04
3.114207033851902793e+02,2.680813876526541009e-04
3.114841593380911604e+02,2.674301564703567783e-04
3.115476129559958167e+02,2.682529408829019912e-04
3.116110642370290407e+02,2.664227633103198904e-04
3.116745131793155679e+02,2.668445086598852304e-04
3.117379597809793950e+02,2.653629544594759710e-04
3.118014040401442344e+02,2.670955095619593762e-04
3.118648459549332870e+02,2.655927159102125555e-04
3.119282855234691851e+02,2.666339104174378426e-04
3.119917227438745613e+02,2.638853201751063153e-04
3.120551576142711383e+02,2.654052588749142598e-04
3.121185901327802981e+02,2.647842555445949837e-04
3.121820202975230814e+02,2.650881131714391461e-04
3.122454481066201311e+02,2.637167121331813568e-04
3.123088735581913511e+02,2.631226209662256704e-04
3.123722966503565885e+02,2.638163334960785139e-04
3.124357173812350084e+02,2.629914347472329136e-04
3.124991357489453208e+02,2.623322352427199383e-04
3.125625517516058949e+02,2.628288060303471201e-04
3.126259653873346451e+02,2.617827278391437812e-04
3.126893766542489175e+02,2.633382049341210563e-04
3.127527855504656600e+02,2.615982737559565817e-04
3.128161920741015933e+02,2.618343973308468950e-04
3.128795962232728129e+02,2.614624713047596625e-04
3.129429979960948458e+02,2.614617152161133264e-04
3.130063973906828210e+02,2.602035125379420217e-04
3.130697944051516970e+02,2.612905817314404851e-04
3.131331890376158071e+02,2.603141100727018094e-04
3.131965812861888594e+02,2.597708697569360570e-04
3.132599711489843344e+02,2.592925620955779248e-04
3.133233586241152011e+02,2.592123694001016916e-04
3.133867437096942012e+02,2.596552782528924273e-04
3.134501264038331101e+02,2.600481774440423981e-04
3.135135067046437598e+02,2.593820297553927614e-04
3.135768846102374141e+02,2.589502968450483581e-04
3.136402601187246546e+02,2.587411883902098397e-04
3.137036332282160060e+02,2.606426239416839122e-04
3.137670039368210837e+02,2.592680472282413899e-04
3.138303722426495597e+02,2.584232184686797540e-04
3.138937381438101966e+02,2.577447774285335680e-04
3.139571016384117002e+02,2.595772585105792472e-04
3.140204627245620372e+02,2.559531948843489003e-04
3.140838214003689473e+02,2.565529190132209442e-04
3.141471776639395443e+02,2.571684845361745853e-04
3.142105315133806585e+02,2.571942808133085645e-04
3.142738829467985511e+02,2.562475407051624759e-04
3.143372319622990858e+02,2.578940137352811360e-04
3.144005785579876715e+02,2.558966625341125645e-04
3.144639227319693759e+02,2.559543492274785558e-04
3.145272644823485280e+02,2.560270726612768233e-04
3.145906038072295132e+02,2.564758254733801209e-04
3.146539407047156374e+02,2.560459534138305156e-04
3.147172751729103197e+02,2.559017990880923556e-04
3.147806072099162407e+02,2.558394018671725158e-04
3.148439368138356258e+02,2.554494364353982784e-04
3.149072639827705302e+02,2.539969800907366355e-04
3.149705887148221564e+02,2.544693889937363709e-04
3.150339110080916498e+02,2.562655180235726463e-04
3.150972308606794172e+02,2.542808687631001536e-04
3.151605482706855810e+02,2.548731397411692899e-04
3.152238632362096951e+02,2.556618805181875144e-04
3.152871757553509724e+02,2.552955551107581969e-04
3.153504858262083417e+02,2.560638225391130519e-04
3.154137934468799358e+02,2.544990612798643114e-04
3.154770986154634898e+02,2.557310160283188987e-04
3.155404013300566817e+02,2.531793304623704906e-04
3.156037015887563371e+02,2.547787771901268631e-04
3.156669993896588835e+02,2.547058906480206483e-04
3.157302947308605781e+02,2.543508570962626451e-04
3.157935876104569388e+02,2.551353927519886761e-04
3.158568780265432565e+02,2.545463820217843494e-04
3.159201659772140829e+02,2.544555920150962905e-04
3.159834514605637992e+02,2.541007547667667151e-04
3.160467344746862750e+02,2.525744268288835823e-04
3.161100150176749821e+02,2.548150762129622977e-04
3.161732930876227670e+02,2.530709704100199062e-04
3.162365686826221349e+02,2.544184733818705027e-04
3.162998418007653072e+02,2.528646875989048939e-04
3.163631124401436523e+02,2.545385174428717073e-04
3.164263805988486524e+02,2.545847593759166137e-04
3.164896462749707666e+02,2.544622468394023293e-04
3.165529094666004539e+02,2.535068756854982571e-04
3.166161701718274344e+02,2.536217787329723560e-04
3.166794283887412007e+02,2.539692372917671755e-04
3.167426841154306771e+02,2.529503173216776104e-04
3.168059373499843900e+02,2.531312826338606779e-04
3.168691880904904110e+02,2.540160911561335061e-04
3.169324363350362432e+02,2.530424368462171124e-04
3.169956820817092193e+02,2.528075271384992132e-04
3.170589253285959330e+02,2.533852338955987584e-04
3.171221660737828074e+02,2.537567568395569014e-04
3.171854043153556404e+02,2.531347755068588906e-04
3.172486400513996614e+02,2.523320645933742920e-04
3.173118732799999293e+02,2.529279206452786670e-04
3.173751039992411052e+02,2.537447281641159471e-04
3.174383322072069973e+02,2.534727166549166459e-04
3.175015579019813003e+02,2.525922621799096151e-04
3.175647810816473111e+02,2.529496691385478275e-04
3.176280017442875874e+02,2.534127525549275599e-04
3.176912198879844027e+02,2.526879398161687102e-04
3.177544355108197465e+02,2.522482354457809828e-04
3.178176486108749259e+02,2.514139680572919614e-04
3.178808591862307935e+02,2.531159346709619296e-04
3.179440672349678607e+02,2.517332893663876462e-04
3.180072727551663547e+02,2.528933006615644041e-04
3.180704757449058206e+02,2.511682952238934187e-04
3.181336762022652920e+02,2.525358126170762431e-04
3.181968741253235180e+02,2.514260001453914720e-04
3.182600695121588501e+02,2.518596299655467981e-04
3.183232623608490712e+02,2.508602900814424757e-04
3.183864526694716233e+02,2.524581164759748622e-04
3.184496404361033797e+02,2.504703010162229941e-04
3.185128256588208728e+02,2.535362649246492820e-04
3.185760083357000667e+02,2.499311156040553029e-04
3.186391884648165842e+02,2.503409261281023678e-04
3.187023660442457640e+02,2.499765067289874991e-04
3.187655410720620921e+02,2.493694168061713276e-04
3.188287135463398840e+02,2.493134053173887859e-04
3.188918834651530574e+02,2.488631639182035471e-04
3.189550508265749613e+02,2.496605397920237607e-04
3.190182156286783766e+02,2.483790628854628570e-04
3.190813778695360270e+02,2.472606488544263660e-04
3.191445375472198407e+02,2.486235166707298624e-04
3.192076946598012910e+02,2.489971147079421887e-04
3.192708492053516807e+02,2.494329530859070235e-04
3.193340011819417441e+02,2.492746211712070403e-04
3.193971505876417041e+02,2.476693961506902172e-04
3.194602974205213286e+02,2.466813054800754313e-04
3.195234416786499878e+02,2.469585754262089363e-04
3.195865833600967107e+02,2.465914462093985295e-04
3.196497224629298444e+02,2.468311301474108424e-04
3.197128589852174514e+02,2.457709280506483471e-04
3.197759929250272535e+02,2.457618320933059814e-04
3.198391242804262902e+02,2.467711675763155756e-04
3.199022530494813168e+02,2.464233385411428276e-04
3.199653792302584066e+02,2.455575054858793170e-04
3.200285028208236326e+02,2.461603330461234907e-04
3.200916238192422725e+02,2.451239374699923455e-04
3.201547422235791487e+02,2.453122126586621899e-04
3.202178580318988566e+02,2.446209616706228806e-04
3.202809712422654229e+02,2.439178575427629716e-04
3.203440818527423630e+02,2.442713031512252662e-04
3.204071898613927374e+02,2.445579860156102078e-04
3.204702952662795497e+02,2.448054142203795252e-04
3.205333980654648371e+02,2.436042149338765175e-04
3.205964982570101824e+02,2.425366037720138408e-04
3.206595958389774523e+02,2.429507116842303160e-04
3.207226908094272630e+02,2.422463758412532182e-04
3.207857831664200603e+02,2.429628691296426544e-04
3.208488729080159487e+02,2.426740570995108439e-04
3.209119600322745214e+02,2.430130352646788037e-04
3.209750445372549734e+02,2.434592778183770423e-04
3.210381264210157610e+02,2.425601379044756893e-04
3.211012056816153404e+02,2.424078871488773211e-04
3.211642823171114287e+02,2.405360037258370105e-04
3.212273563255614590e+02,2.421971871211870742e-04
3.212904277050222390e+02,2.423365845959888644e-04
3.213534964535504059e+02,2.414190955670793835e-04
3.214165625692018580e+02,2.408786074500616668e-04
3.214796260500320386e+02,2.408698780824267843e-04
3.215426868940962777e+02,2.414283039739376210e-04
3.216057450994492797e+02,2.413277114828682012e-04
3.216688006641451807e+02,2.420172825493116628e-04
3.217318535862377189e+02,2.426797857858131388e-04
3.217949038637804051e+02,2.411054887661274006e-04
3.218579514948261817e+02,2.423429594405740180e-04
3.219209964774271953e+02,2.418448234531207243e-04
3.219840388096358197e+02,2.419304653834042406e-04
3.220470784895034058e+02,2.425968453114772617e-04
3.221101155150811337e+02,2.426942566297835360e-04
3.221731498844197858e+02,2.431003410084847151e-04
3.222361815955694055e+02,2.416949394250490161e-04
3.222992106465799793e+02,2.429873103466928801e-04
3.223622370355007547e+02,2.426884868033993942e-04
3.224252607603805814e+02,2.424801640984615132e-04
3.224882818192680816e+02,2.436630328556431478e-04
3.225513002102110249e+02,2.438067313402294005e-04
3.226143159312572379e+02,2.416224254999081603e-04
3.226773289804536375e+02,2.436167608398153242e-04
3.227403393558470839e+02,2.430847701795516643e-04
3.228033470554835844e+02,2.438864718995500242e-04
3.228663520774090898e+02,2.430765077179160511e-04
3.229293544196689822e+02,2.439320010509779979e-04
3.229923540803079050e+02,2.433701462155185569e-04
3.230553510573706149e+02,2.441234175458988781e-04
3.231183453489009594e+02,2.436868976624053838e-04
3.231813369529425017e+02,2.455033209812767657e-04
3.232443258675383504e+02,2.433846340339238055e-04
3.233073120907312159e+02,2.454946811848820651e-04
3.233702956205633541e+02,2.441871161533686464e-04
3.234332764550765091e+02,2.455863978036760707e-04
3.234962545923118569e+02,2.448104572414196221e-04
3.235592300303106299e+02,2.463890164999129424e-04
3.236222027671129808e+02,2.452803227896663166e-04
3.236851728007590623e+02,2.453174982691958645e-04
3.237481401292883447e+02,2.471469464152932028e-04
3.238111047507400713e+02,2.464330801247317771e-04
3.238740666631526324e+02,2.457354298722852471e-04
3.239370258645645322e+02,2.459504826725688936e-04
3.239999823530134790e+02,2.467391131553691862e-04
3.240629361265367265e+02,2.472405691489405668e-04
3.241258871831711872e+02,2.461762801163422539e-04
3.241888355209533188e+02,2.487215395941133481e-04
3.242517811379191244e+02,2.480053767425930496e-04
3.243147240321041522e+02,2.494512765889828716e-04
3.243776642015434390e+02,2.490576643075162336e-04
3.244406016442717942e+02,2.500496561005825184e-04
3.245035363583232879e+02,2.480021422589158983e-04
3.245664683417318201e+02,2.490371035940599467e-04
3.246293975925304949e+02,2.493789920841598014e-04
3.246923241087525298e+02,2.489456612287667642e-04
3.247552478884300058e+02,2.489138479158043761e-04
3.248181689295951742e+02,2.509243602076210804e-04
3.248810872302794337e+02,2.498319766733920100e-04
3.249440027885140694e+02,2.517689452815178078e-04
3.250069156023294568e+02,2.504799370884322539e-04
3.250698256697559714e+02,2.517539139042798495e-04
3.251327329888234203e+02,2.513699681244194292e-04
3.251956375575610423e+02,2.512846129497517205e-04
3.252585393739976780e+02,2.526804355829872953e-04
3.253214384361618841e+02,2.531443713454036601e-04
3.253843347420815348e+02,2.514656921675752959e-04
3.254472282897841637e+02,2.542927646495699912e-04
3.255101190772970199e+02,2.530774500741608183e-04
3.255730071026466135e+02,2.524743877373553883e-04
3.256358923638592273e+02,2.543152775092922591e-04
3.256987748589604621e+02,2.540649147921441339e-04
3.257616545859758617e+02,2.540797805190143205e-04
3.258245315429301172e+02,2.544750948042175283e-04
3.258874057278476926e+02,2.538009472593355216e-04
3.259502771387526536e+02,2.550683312269016513e-04
3.260131457736684411e+02,2.552231001117096724e-04
3.260760116306182681e+02,2.572080611978855530e-04
3.261388747076245522e+02,2.565840833640810684e-04
3.262017350027097109e+02,2.566663056827349419e-04
3.262645925138954226e+02,2.583293517627704007e-04
3.263274472392029111e+02,2.582548498947592492e-04
3.263902991766532296e+02,2.577793798538671375e-04
3.264531483242666354e+02,2.593810609476780997e-04
3.265159946800632156e+02,2.586981564061013633e-04
3.265788382420624316e+02,2.598703929201662830e-04
3.266416790082834041e+02,2.587605321112515684e-04
3.267045169767447419e+02,2.599534747630368229e-04
3.267673521454644856e+02,2.611517309448612182e-04
3.268301845124607325e+02,2.634531614401873631e-04
3.268930140757505569e+02,2.607998261292260441e-04
3.269558408333509192e+02,2.612525114467391385e-04
3.270186647832780977e+02,2.622985002494196351e-04
3.270814859235481435e+02,2.646641400590602280e-04
3.271443042521766529e+02,2.628496627255259366e-04
3.272071197671785399e+02,2.634006820504984419e-04
3.272699324665686049e+02,2.625469112041855678e-04
3.273327423483610232e+02,2.644348387104036684e-04
3.273955494105694015e+02,2.643637922063952540e-04
3.274583536512071191e+02,2.651644480544580349e-04
3.275211550682871007e+02,2.629208886990383877e-04
3.275839536598216455e+02,2.653428442120862592e-04
3.276467494238226550e+02,2.655249190371493351e-04
3.277095423583019169e+02,2.672096242963032070e-04
3.277723324612703095e+02,2.661678964282705230e-04
3.278351197307384837e+02,2.677412332716191945e-04
3.278979041647165786e+02,2.688141480435794891e-04
3.279606857612143926e+02,2.669304326558989216e-04
3.280234645182413260e+02,2.674260568845038049e-04
3.280862404338059832e+02,2.684084705017208451e-04
3.281490135059170257e+02,2.683116617800155798e-04
3.282117837325822052e+02,2.675527212936662362e-04
3.282745511118092168e+02,2.683162336959926219e-04
3.283373156416049596e+02,2.696881057814459639e-04
3.284000773199761056e+02,2.707048215111863094e-04
3.284628361449289287e+02,2.701716996697850937e-04
3.285255921144690774e+02,2.715662878868513428e-04
3.285883452266018594e+02,2.712760102435669363e-04
3.286510954793321844e+02,2.710494618884330318e-04
3.287138428706643936e+02,2.735202118977518105e-04
3.287765873986023166e+02,2.711607774976532810e-04
3.288393290611496127e+02,2.715035472486757701e-04
3.289020678563094293e+02,2.735161697773236711e-04
3.289648037820841182e+02,2.731358525699930989e-04
3.290275368364760880e+02,2.724737687045201951e-04
3.290902670174870082e+02,2.737730689455887632e-04
3.291529943231181505e+02,2.740224528650786213e-04
3.292157187513702752e+02,2.741017529737959008e-04
3.292784403002439149e+02,2.730598287876507884e-04
3.293411589677389202e+02,2.753372143704604122e-04
3.294038747518548007e+02,2.746395438255156232e-04
3.294665876505906112e+02,2.767875824149977041e-04
3.295292976619450656e+02,2.760329461933918693e-04
3.295920047839163090e+02,2.756924621001335105e-04
3.296547090145018615e+02,2.767952480012567194e-04
3.297174103516992432e+02,2.763750721673841927e-04
3.297801087935052919e+02,2.781942481858536501e-04
3.298428043379162204e+02,2.781087200140617199e-04
3.299054969829279571e+02,2.771559769015324447e-04
3.299681867265362598e+02,2.772701625230354822e-04
3.300308735667359770e+02,2.785701226515405193e-04
3.300935575015217296e+02,2.796578420456798694e-04
3.301562385288876840e+02,2.781170517251550637e-04
3.302189166468276653e+02,2.795110144582253352e-04
3.302815918533349304e+02,2.818722311633157173e-04
3.303442641464021108e+02,2.799874591110350385e-04
3.304069335240218379e+02,2.787481134416107550e-04
3.304695999841858907e+02,2.798606616075429961e-04
3.305322635248858774e+02,2.797186385882731701e-04
3.305949241441127242e+02,2.819918121230272925e-04
3.306575818398571300e+02,2.812927167408623428e-04
3.307202366101092252e+02,2.804275273348428698e-04
3.307828884528586286e+02,2.811051524354885207e-04
3.308455373660948453e+02,2.816470860566241160e-04
3.309081833478064709e+02,2.809756007935599611e-04
3.309708263959819305e+02,2.810570701816956628e-04
3.310334665086092514e+02,2.818902240728260759e-04
3.310961036836757785e+02,2.815305687660757373e-04
3.311587379191687432e+02,2.840330392101096560e-04
3.312213692130745812e+02,2.841783208529725566e-04
3.312839975633795007e+02,2.836579652687948381e-04
3.313466229680693118e+02,2.855039531219070764e-04
3.314092454251290292e+02,2.842603150212514272e-04
3.314718649325437241e+02,2.845716442698589897e-04
3.315344814882976152e+02,2.841045202221078800e-04
3.315970950903747507e+02,2.864224636095785595e-04
3.316597057367584966e+02,2.851552239153808013e-04
3.317223134254318211e+02,2.855411057972470439e-04
3.317849181543776922e+02,2.839014615283310468e-04
3.318475199215777707e+02,2.863551415954809103e-04
3.319101187250141152e+02,2.840200680802946109e-04
3.319727145626678748e+02,2.866760550277839561e-04
3.320353074325198008e+02,2.863391786451338259e-04
3.320978973325503034e+02,2.865240922140092385e-04
3.321604842607393380e+02,2.867309760431803207e-04
3.322230682150663483e+02,2.867379525936656400e-04
3.322856491935103236e+02,2.864881243943786940e-04
3.323482271940499118e+02,2.874269127751593526e-04
3.324108022146633630e+02,2.876165121254432681e-04
3.324733742533282452e+02,2.878175584131434698e-04
3.325359433080217286e+02,2.883987690104556148e-04
3.325985093767206990e+02,2.886020385557382453e-04
3.326610724574016444e+02,2.869764270682623034e-04
3.327236325480403138e+02,2.877776405272418347e-04
3.327861896466122289e+02,2.868788340452986594e-04
3.328487437510925133e+02,2.872632515993817949e-04
3.329112948594556087e+02,2.871034002985434230e-04
3.329738429696757294e+02,2.891555166831532718e-04
3.330363880797265210e+02,2.882897346143399033e-04
3.330989301875813453e+02,2.884603836852289195e-04
3.331614692912128248e+02,2.890414465870508407e-04
3.332240053885934685e+02,2.883668245368145003e-04
3.332865384776951032e+02,2.884336797386509942e-04
3.333490685564893283e+02,2.880372928426596204e-04
3.334115956229469475e+02,2.885671754120261489e-04
3.334741196750387076e+02,2.889845933036728977e-04
3.335366407107347300e+02,2.898286080232930135e-04
3.335991587280045678e+02,2.899712068711806463e-04
3.336616737248175468e+02,2.893824851286475150e-04
3.337241856991425948e+02,2.899296968531021542e-04
3.337866946489479574e+02,2.882389148743561371e-04
3.338492005722014824e+02,2.893852116930470115e-04
3.339117034668706765e+02,2.881757966938782931e-04
3.339742033309225349e+02,2.894384404185573528e-04
3.340367001623237115e+02,2.872391675581073686e-04
3.340991939590402353e+02,2.885720540113708029e-04
3.341616847190378508e+02,2.889767226427555099e-04
3.342241724402817908e+02,2.904005375494104319e-04
3.342866571207368338e+02,2.884257439940934691e-04
3.343491387583673031e+02,2.884588632724965191e-04
3.344116173511372381e+02,2.889989333952230921e-04
3.344740928970098253e+02,2.891916662654740017e-04
3.345365653939483650e+02,2.882567351781975345e-04
3.345990348399152481e+02,2.907096692866614632e-04
3.346615012328727516e+02,2.887098734127470237e-04
3.347239645707822433e+02,2.887433068840586348e-04
3.347864248516052612e+02,2.883100222462802397e-04
3.348488820733025477e+02,2.902972884697586214e-04
3.349113362338343904e+02,2.882463571934258564e-04
3.349737873311604517e+02,2.893802833564985814e-04
3.350362353632406780e+02,2.877944398213889607e-04
3.350986803280337654e+02,2.892055091358356573e-04
3.351611222234982961e+02,2.882173160604320126e-04
3.352235610475923409e+02,2.888144786224574527e-04
3.352859967982737430e+02,2.891763643843106319e-04
3.353484294734996070e+02,2.886361322167964772e-04
3.354108590712266960e+02,2.887811881573366609e-04
3.354732855894115460e+02,2.893451075814190221e-04
3.355357090260097834e+02,2.880343810966669738e-04
3.355981293789769779e+02,2.884181848558596529e-04
3.356605466462681306e+02,2.875545026073510614e-04
3.357229608258377880e+02,2.880301466717491736e-04
3.357853719156401553e+02,2.874744467878915881e-04
3.358477799136285853e+02,2.867962234330972970e-04
3.359101848177567149e+02,2.859286574378355804e-04
3.359725866259771010e+02,2.875057580862450568e-04
3.360349853362420731e+02,2.861631750329983264e-04
3.360973809465035629e+02,2.870728340338657664e-04
3.361597734547129903e+02,2.860827535042534072e-04
3.362221628588213775e+02,2.867452482099193943e-04
3.362845491567792351e+02,2.856922334286398496e-04
3.363469323465367324e+02,2.865626994730314419e-04
3.364093124260434138e+02,2.850303759439715644e-04
3.364716893932486528e+02,2.860175433463173840e-04
3.365340632461010841e+02,2.843793462009771970e-04
3.365964339825491720e+02,2.842567646375196259e-04
3.366588016005407553e+02,2.855557387712109809e-04
3.367211660980231045e+02,2.864698097418689592e-04
3.367835274729433195e+02,2.852795485067716229e-04
3.368458857232481023e+02,2.844122432179409590e-04
3.369082408468833592e+02,2.830247873880140487e-04
3.369705928417948257e+02,2.825632563821927094e-04
3.370329417059277262e+02,2.837155048889416662e-04
3.370952874372267729e+02,2.842194429455962147e-04
3.371576300336363374e+02,2.841296713343153309e-04
3.372199694931002227e+02,2.842992147197672043e-04
3.372823058135619476e+02,2.835059516112776556e-04
3.373446389929644056e+02,2.820967275357974665e-04
3.374069690292502628e+02,2.817833678344781770e-04
3.374692959203614464e+02,2.809723003910224331e-04
3.375316196642398836e+02,2.821613883667265388e-04
3.375939402588264784e+02,2.824766081353401919e-04
3.376562577020620779e+02,2.802379442154159989e-04
3.377185719918871882e+02,2.820726410023958216e-04
3.377808831262414060e+02,2.798246993864312248e-04
3.378431911030643278e+02,2.794449216972456017e-04
3.379054959202949249e+02,2.783617151324849410e-04
3.379677975758717139e+02,2.800593129481384149e-04
3.380300960677326430e+02,2.796842064114637549e-04
3.380923913938155465e+02,2.804952907790421923e-04
3.381546835520576337e+02,2.797258337945026621e-04
3.382169725403955454e+02,2.789254250252038510e-04
3.382792583567656379e+02,2.786091377238860355e-04
3.383415409991038132e+02,2.804423602770286924e-04
3.384038204653454613e+02,2.774895924383681241e-04
3.384660967534255178e+02,2.771946729118026980e-04
3.385283698612785770e+02,2.762764401176220842e-04
3.385906397868387216e+02,2.756545130153380697e-04
3.386529065280395230e+02,2.762764388010606410e-04
3.387151700828142111e+02,2.772300460818694946e-04
3.387774304490956183e+02,2.757431960728294737e-04
3.388396876248160083e+02,2.760409681708172460e-04
3.389019416079071902e+02,2.755516706264722333e-04
3.389641923963005183e+02,2.745575324595884992e-04
3.390264399879271764e+02,2.737278173493796151e-04
3.390886843807174955e+02,2.752404042567262936e-04
3.391509255726015795e+02,2.732156646181447992e-04
3.392131635615092478e+02,2.723517836401295072e-04
3.392753983453695241e+02,2.732139938780819540e-04
3.393376299221111481e+02,2.740389142158582841e-04
3.393998582896624612e+02,2.730358587020446145e-04
3.394620834459514072e+02,2.713365707280115686e-04
3.395243053889052476e+02,2.709220605700268509e-04
3.395865241164509598e+02,2.711581142903395298e-04
3.396487396265151801e+02,2.712352906844315908e-04
3.397109519170239196e+02,2.706389710700631392e-04
3.397731609859027344e+02,2.696465759410294192e-04
3.398353668310768967e+02,2.682680884131735926e-04
3.398975694504712237e+02,2.697416461903909008e-04
3.399597688420099075e+02,2.685480883389492921e-04
3.400219650036166854e+02,2.688263574092320972e-04
3.400841579332152378e+02,2.682742311950567921e-04
3.401463476287282788e+02,2.680419173383319278e-04
3.402085340880785225e+02,2.677482828048808033e-04
3.402707173091878303e+02,2.672526587191047026e-04
3.403328972899780638e+02,2.658426104520929213e-04
3.403950740283702316e+02,2.658421233010369359e-04
3.404572475222850017e+02,2.660364629200241303e-04
3.405194177696428710e+02,2.643546576182389000e-04
3.405815847683635980e+02,2.638017577508500536e-04
3.406437485163665428e+02,2.644992617913710957e-04
3.407059090115706681e+02,2.630454803108941389e-04
3.407680662518946519e+02,2.634769696195365810e-04
3.408302202352563768e+02,2.623400291691166245e-04
3.408923709595733840e+02,2.619226195535694079e-04
3.409545184227631012e+02,2.609147373742058055e-04
3.410166626227421034e+02,2.617620349899784358e-04
3.410788035574266814e+02,2.614865307408029875e-04
3.411409412247326145e+02,2.591743609410387039e-04
3.412030756225755113e+02,2.595314481341206517e-04
3.412652067488701277e+02,2.596509990627006198e-04
3.413273346015310494e+02,2.601857849252188601e-04
3.413894591784722934e+02,2.579977085664075234e-04
3.414515804776075356e+02,2.594964876248235597e-04
3.415136984968498268e+02,2.572481776903455791e-04
3.415758132341119904e+02,2.577526540371510248e-04
3.416379246873064517e+02,2.557931793590238713e-04
3.417000328543447836e+02,2.591831065199756354e-04
3.417621377331384451e+02,2.561302955290181162e-04
3.418242393215983839e+02,2.562043419898326138e-04
3.418863376176352631e+02,2.568140140924169150e-04
3.419484326191588934e+02,2.554346947014295415e-04
3.420105243240790287e+02,2.546241766755101121e-04
3.420726127303048543e+02,2.545706802964097784e-04
3.421346978357450439e+02,2.542200453122731821e-04
3.421967796383077598e+02,2.535917206643027071e-04
3.422588581359009936e+02,2.518112787229026734e-04
3.423209333264321117e+02,2.540333864800500829e-04
3.423830052078079689e+02,2.530286432843567492e-04
3.424450737779350789e+02,2.526349762541497393e-04
3.425071390347196711e+02,2.522641966505654969e-04
3.425692009760671226e+02,2.513491941290166764e-04
3.426312595998826396e+02,2.496451384794412380e-04
3.426933149040709168e+02,2.514035188090968983e-04
3.427553668865364216e+02,2.500134769721008604e-04
3.428174155451827119e+02,2.500787817523795055e-04
3.428794608779134023e+02,2.483946202204817240e-04
3.429415028826313119e+02,2.482442171723988830e-04
3.430035415572389184e+02,2.468549733291768239e-04
3.430655768996381880e+02,2.473652633225743988e-04
3.431276089077308598e+02,2.476879429167756536e-04
3.431896375794181040e+02,2.467812740325621662e-04
3.432516629126004659e+02,2.453906063296618328e-04
3.433136849051783770e+02,2.455107857132792686e-04
3.433757035550516434e+02,2.439996969095176767e-04
3.434377188601195598e+02,2.454943957558838657e-04
3.434997308182810229e+02,2.449796455829223937e-04
3.435617394274345884e+02,2.444387108596918364e-04
3.436237446854783570e+02,2.429386866382501344e-04
3.436857465903098046e+02,2.438885650770184009e-04
3.437477451398261223e+02,2.426628277093333802e-04
3.438097403319241607e+02,2.429431092105112887e-04
3.438717321644999743e+02,2.413279519407135953e-04
3.439337206354493333e+02,2.417176293329026751e-04
3.439957057426677238e+02,2.413298575301803890e-04
3.440576874840502342e+02,2.426714433051892369e-04
3.441196658574910430e+02,2.407911273667098361e-04
3.441816408608842721e+02,2.397593687529609796e-04
3.442436124921237024e+02,2.391915788541117323e-04
3.443055807491023188e+02,2.388885083615779382e-04
3.443675456297127653e+02,2.379733772234360475e-04
3.444295071318473447e+02,2.389664573894295424e-04
3.444914652533979620e+02,2.375835971203905462e-04
3.445534199922558400e+02,2.370327807094212407e-04
3.446153713463119743e+02,2.373694996789125556e-04
3.446773193134568487e+02,2.365848411900006276e-04
3.447392638915804355e+02,2.364477565356143548e-04
3.448012050785724796e+02,2.356957662478060492e-04
3.448631428723218733e+02,2.344869547560151106e-04
3.449250772707173951e+02,2.370382119537185631e-04
3.449870082716474826e+02,2.351926519910610826e-04
3.450489358729996638e+02,2.362325723456167937e-04
3.451108600726614668e+02,2.331146714854388986e-04
3.451727808685197942e+02,2.320996648282355019e-04
3.452346982584610942e+02,2.335827597096667855e-04
3.452966122403713030e+02,2.327988068721939400e-04
3.453585228121361297e+02,2.324702491792160269e-04
3.454204299716406581e+02,2.330797918590584361e-04
3.454823337167695172e+02,2.318470131324430273e-04
3.455442340454070518e+02,2.324097853369607358e-04
3.456061309554370951e+02,2.294137973808952063e-04
3.456680244447427981e+02,2.304599536591080871e-04
3.457299145112072551e+02,2.302828112344497348e-04
3.457918011527128783e+02,2.298059044500204114e-04
3.458536843671416818e+02,2.279838439881094509e-04
3.459155641523751683e+02,2.282990175733468617e-04
3.459774405062946130e+02,2.268872314581162888e-04
3.460393134267806658e+02,2.277948785861683579e-04
3.461011829117133516e+02,2.273490836706746449e-04
3.461630489589726949e+02,2.281212666079602571e-04
3.462249115664380952e+02,2.273428761598600563e-04
3.462867707319882697e+02,2.263663987185326174e-04
3.463486264535017654e+02,2.259583720248157189e-04
3.464104787288565603e+02,2.257192199072106714e-04
3.464723275559302351e+02,2.244737204089137475e-04
3.465341729325999722e+02,2.259977379302942335e-04
3.465960148567423289e+02,2.244022060211156783e-04
3.466578533262336350e+02,2.250577094629433600e-04
3.467196883389497657e+02,2.251323787214924385e-04
3.467815198927658003e+02,2.252866434196452788e-04
3.468433479855568748e+02,2.237914789157992290e-04
3.469051726151973867e+02,2.233314990364556663e-04
3.469669937795612213e+02,2.221726876672609709e-04
3.470288114765220939e+02,2.224785451875656858e-04
3.470906257039530942e+02,2.221461610898494646e-04
3.471524364597269141e+02,2.221371593193553610e-04
3.472142437417156202e+02,2.225858660106192790e-04
3.472760475477911655e+02,2.221254645664311872e-04
3.473378478758248775e+02,2.202546964513770876e-04
3.473996447236874587e+02,2.205787884058777208e-04
3.474614380892496683e+02,2.203400718528193702e-04
3.475232279703812992e+02,2.202918828082233154e-04
3.475850143649519168e+02,2.200924688815098916e-04
3.476467972708307457e+02,2.196662616492218274e-04
3.477085766858863281e+02,2.181189620563320068e-04
3.477703526079869789e+02,2.194891052258717023e-04
3.478321250350003879e+02,2.170229600458901270e-04
3.478938939647940174e+02,2.170241724050829004e-04
3.479556593952347043e+02,2.154052518011951851e-04
3.480174213241887742e+02,2.138662644973488567e-04
3.480791797495223250e+02,2.170013018481024532e-04
3.481409346691008864e+02,2.164362572813694396e-04
3.482026860807897037e+02,2.167566996887277970e-04
3.482644339824531698e+02,2.173866926635293663e-04
3.483261783719557343e+02,2.162788286332891603e-04
3.483879192471611077e+02,2.166347698854234247e-04
3.484496566059326028e+02,2.157390769645267409e-04
3.485113904461330776e+02,2.149338400488286726e-04
3.485731207656249353e+02,2.155795322175010854e-04
3.486348475622702949e+02,2.148311725964418487e-04
3.486965708339306502e+02,2.147230934626536021e-04
3.487582905784670402e+02,2.145791139118436960e-04
3.488200067937401627e+02,2.137141432761581841e-04
3.488817194776103747e+02,2.139285616560017932e-04
3.489434286279371804e+02,2.143566567031945013e-04
3.490051342425800271e+02,2.136126672320121957e-04
3.490668363193978507e+02,2.141739661810569651e-04
3.491285348562489048e+02,2.126394886958097121e-04
3.491902298509914431e+02,2.126865008411187572e-04
3.492519213014828665e+02,2.132990850966753036e-04
3.493136092055802351e+02,2.125079531769103294e-04
3.493752935611402677e+02,2.130475602057971512e-04
3.494369743660190579e+02,2.118847988324127002e-04
3.494986516180725289e+02,2.124921326885953520e-04
3.495603253151559215e+02,2.111746824448602336e-04
3.496219954551241358e+02,2.126765646490722580e-04
3.496836620358315599e+02,2.106031440498752887e-04
3.497453250551322412e+02,2.112319045642046113e-04
3.498069845108795448e+02,2.101759797068542164e-04
3.498686404009267221e+02,2.106996909380781918e-04
3.499302927231264562e+02,2.093028296224748268e-04
3.499919414753308615e+02,2.102769872760341095e-04
3.500535866553916549e+02,2.088982586707999536e-04
3.501152282611602686e+02,2.095746969432871491e-04
3.501768662904875100e+02,2.087416143768082433e-04
3.502385007412237883e+02,2.095845128468405065e-04
3.503001316112190580e+02,2.080182133622652738e-04
3.503617588983229325e+02,2.089056561211485212e-04
3.504233826003844570e+02,2.088001296358798912e-04
3.504850027152521648e+02,2.091757606096318937e-04
3.505466192407744757e+02,2.084557716104358332e-04
3.506082321747990136e+02,2.080738885818552569e-04
3.506698415151731183e+02,2.076344809418837552e-04
3.507314472597435042e+02,2.090378362731817776e-04
3.507930494063568290e+02,2.068656460676963091e-04
3.508546479528590112e+02,2.076174882009688017e-04
3.509162428970953442e+02,2.066818494395151822e-04
3.509778342369112352e+02,2.069151061991668990e-04
3.510394219701511815e+02,2.066287839820367476e-04
3.511010060946592262e+02,2.064625990375158564e-04
3.511625866082792982e+02,2.068502715094303491e-04
3.512241635088547582e+02,2.070998365811219804e-04
3.512857367942282849e+02,2.046804886796890256e-04
3.513473064622424431e+02,2.055942078714204590e-04
3.514088725107390587e+02,2.049517512060291407e-04
3.514704349375597303e+02,2.057647297974012394e-04
3.515319937405454880e+02,2.053469247479873007e-04
3.515935489175369639e+02,2.056961447159238998e-04
3.516551004663745061e+02,2.051415601231308130e-04
3.517166483848977805e+02,2.052099140655892578e-04
3.517781926709459412e+02,2.054162678181923869e-04
3.518397333223578585e+02,2.049499033474353805e-04
3.519012703369721180e+02,2.048950161654575859e-04
3.519628037126265099e+02,2.054436831740785654e-04
3.520243334471586536e+02,2.051909718536461215e-04
3.520858595384056571e+02,2.034916911133798024e-04
3.521473819842040598e+02,2.039298625766829240e-04
3.522089007823899465e+02,2.041186764313022604e-04
3.522704159307992882e+02,2.037484133738226815e-04
3.523319274272672601e+02,2.043829750642005467e-04
3.523934352696286396e+02,2.033793215572527542e-04
3.524549394557178630e+02,2.041499519628449378e-04
3.525164399833690254e+02,2.040428656134934905e-04
3.525779368504155968e+02,2.035885477090365343e-04
3.526394300546904219e+02,2.027295150844317753e-04
3.527009195940263453e+02,2.016059255488769251e-04
3.527624054662555295e+02,2.027944707858112786e-04
3.528238876692095118e+02,2.033294750362545317e-04
3.528853662007197727e+02,2.025304242799644608e-04
3.529468410586172240e+02,2.043775779645604323e-04
3.530083122407320957e+02,2.019791684532073551e-04
3.530697797448943334e+02,2.040422585701352559e-04
3.531312435689334848e+02,2.026426346810727551e-04
3.531927037106787566e+02,2.036718549271338832e-04
3.532541601679585028e+02,2.023208693253495272e-04
3.533156129386010207e+02,2.037940997316899821e-04
3.533770620204341526e+02,2.023916196576456780e-04
3.534385074112850589e+02,2.015245092010260611e-04
3.534999491089805019e+02,2.025972882110757718e-04
3.535613871113469600e+02,2.021185277623843235e-04
3.536228214162103427e+02,2.026234334045425348e-04
3.536842520213962757e+02,2.018589259010762865e-04
3.537456789247296456e+02,2.023065702353644046e-04
3.538071021240352252e+02,2.015063410797699828e-04
3.538685216171371621e+02,2.020114207240914037e-04
3.539299374018589788e+02,2.024589720269364041e-04
3.539913494760241406e+02,2.018172880993254791e-04
3.540527578374553741e+02,2.015197174941956956e-04
3.541141624839751785e+02,2.016418853309103517e-04
3.541755634134054276e+02,2.017289613706486201e-04
3.542369606235676542e+02,2.014648479594751188e-04
3.542983541122828797e+02,2.020286151230361502e-04
3.543597438773716135e+02,2.006941127017778282e-04
3.544211299166541949e+02,2.015731157854609744e-04
3.544825122279502239e+02,2.014076391499313768e-04
3.545438908090790164e+02,2.024286452453407130e-04
3.546052656578593769e+02,2.008644080538114231e-04
3.546666367721097686e+02,2.025636931857711313e-04
3.547280041496480294e+02,2.008837754037518214e-04
3.547893677882916563e+02,2.011821629348328614e-04
3.548507276858576347e+02,2.005310641253850099e-04
3.549120838401627793e+02,2.009777569020698804e-04
3.549734362490231092e+02,2.007592215806638177e-04
3.550347849102541886e+02,2.015842079388246739e-04
3.550961298216715818e+02,2.003924570091517152e-04
3.551574709810900004e+02,2.004645530815943007e-04
3.552188083863236443e+02,2.008587875685999291e-04
3.552801420351866000e+02,2.009324518060017298e-04
3.553414719254924421e+02,1.998584573407819137e-04
3.554027980550541201e+02,2.019709550921920129e-04
3.554641204216840720e+02,2.009791422216130686e-04
3.555254390231947923e+02,2.018874484129330737e-04
3.555867538573976390e+02,2.012050754011703968e-04
3.556480649221040267e+02,2.015717747726667570e-04
3.557093722151248016e+02,2.006668643081632405e-04
3.557706757342702986e+02,2.019872281529919579e-04
3.558319754773505110e+02,2.012114011362109943e-04
3.558932714421746937e+02,2.012810626746934647e-04
3.559545636265521580e+02,2.018308293084089837e-04
3.560158520282913628e+02,2.015618641561930046e-04
3.560771366452004258e+02,2.004654000206588355e-04
3.561384174750871239e+02,2.015266687374215259e-04
3.561996945157587220e+02,2.007686634004232043e-04
3.562609677650220306e+02,2.010794361219335740e-04
3.563222372206832347e+02,1.999792514825726177e-04
3.563835028805484058e+02,2.005678957678746360e-04
3.564447647424231036e+02,2.001213471653191876e-04
3.565060228041121491e+02,2.016378206835666581e-04
3.565672770634203630e+02,2.006919442479867871e-04
3.566285275181517704e+02,2.014881111733553992e-04
3.566897741661099417e+02,2.005632997696344191e-04
3.567510170050983334e+02,2.011959409813108158e-04
3.568122560329196062e+02,2.009918778360771585e-04
3.568734912473763075e+02,2.009364751880420746e-04
3.569347226462700178e+02,2.002690029950550670e-04
3.569959502274024885e+02,2.007637058537230343e-04
3.570571739885747320e+02,2.009715809916835935e-04
3.571183939275873058e+02,2.015377066994583166e-04
3.571796100422401992e+02,2.017332179408068687e-04
3.572408223303332306e+02,2.020874939733192986e-04
3.573020307896657073e+02,2.003749468823446572e-04
3.573632354180361972e+02,2.015842078260599772e-04
3.574244362132432684e+02,2.012458626746376595e-04
3.574856331730848069e+02,2.018577103390449654e-04
3.575468262953582439e+02,2.019118482821985927e-04
3.576080155778605558e+02,2.024080404662143950e-04
3.576692010183883781e+02,2.012634125914439752e-04
3.577303826147378913e+02,2.023396976466870583e-04
3.577915603647044804e+02,2.014317167236318496e-04
3.578527342660838144e+02,2.022101323828414277e-04
3.579139043166704255e+02,2.025663770816262573e-04
3.579750705142587890e+02,2.025419126151144580e-04
3.580362328566426982e+02,2.020166866946716507e-04
3.580973913416156051e+02,2.024980496051512701e-04
3.581585459669706779e+02,2.033449981275444525e-04
3.582196967305002886e+02,2.028106500854446952e-04
3.582808436299966388e+02,2.025674717661599784e-04
3.583419866632515891e+02,2.036645271728006862e-04
3.584031258280561474e+02,2.027529772450144296e-04
3.584642611222012079e+02,2.034582219692765393e-04
3.585253925434769826e+02,2.029812586503236256e-04
3.585865200896735701e+02,2.028151320942801099e-04
3.586476437585802728e+02,2.035712282969854485e-04
3.587087635479861660e+02,2.037362259464095473e-04
3.587698794556798134e+02,2.040547314890273718e-04
3.588309914794493807e+02,2.029617365331115835e-04
3.588920996170824083e+02,2.034112793555295073e-04
3.589532038663661524e+02,2.034661907065535150e-04
3.590143042250876420e+02,2.037630982610543298e-04
3.590754006910328258e+02,2.036102567116085513e-04
3.591364932619878232e+02,2.038695365031988234e-04
3.591975819357381283e+02,2.042237449758152348e-04
3.592586667100687237e+02,2.040543121483908567e-04
3.593197475827640233e+02,2.041877673606977861e-04
3.593808245516082138e+02,2.042735272742230226e-04
3.594418976143850841e+02,2.037639429534868663e-04
3.595029667688776840e+02,2.048611360563676721e-04
3.595640320128689496e+02,2.051039809469222877e-04
3.596250933441411348e+02,2.035666017492544517e-04
3.596861507604760959e+02,2.047635234507789830e-04
3.597472042596552910e+02,2.043502906359215320e-04
3.598082538394597236e+02,2.057421234972599408e-04
3.598692994976701129e+02,2.067054298573782153e-04
3.599303412320663256e+02,2.060097990322494899e-04
3.599913790404281144e+02,2.065796789077627464e-04
3.600524129205347208e+02,2.051175223659785108e-04
3.601134428701649881e+02,2.058946723580062975e-04
3.601744688870970208e+02,2.061503055476371826e-04
3.602354909691088665e+02,2.062396182915932866e-04
3.602965091139780611e+02,2.079161620623108295e-04
3.603575233194815155e+02,2.056563534089438170e-04
3.604185335833955719e+02,2.068449712873245768e-04
3.604795399034965726e+02,2.061677616914411415e-04
3.605405422775601778e+02,2.065916825633126481e-04
3.606015407033614224e+02,2.067544053295830141e-04
3.606625351786752844e+02,2.074893902576690813e-04
3.607235257012760030e+02,2.061819914746222074e-04
3.607845122689374762e+02,2.070969282021891387e-04
3.608454948794329198e+02,2.066857095074821891e-04
3.609064735305357203e+02,2.079214542507252410e-04
3.609674482200181274e+02,2.075331106837479810e-04
3.610284189456523336e+02,2.067948054559353463e-04
3.610893857052100202e+02,2.072758718125459121e-04
3.611503484964623567e+02,2.092179027692592360e-04
3.612113073171801148e+02,2.079822774197301479e-04
3.612722621651336112e+02,2.082556898218202346e-04
3.613332130380927083e+02,2.088061585927728859e-04
3.613941599338268702e+02,2.086538856601615247e-04
3.614551028501049927e+02,2.094893494476111331e-04
3.615160417846957444e+02,2.091910886116446976e-04
3.615769767353671682e+02,2.096939345531508762e-04
3.616379076998869095e+02,2.076409828315245638e-04
3.616988346760221020e+02,2.082789969272024659e-04
3.617597576615396520e+02,2.094679577152496538e-04
3.618206766542056698e+02,2.092704279040601199e-04
3.618815916517862661e+02,2.117544699613031149e-04
3.619425026520466417e+02,2.093369959228369459e-04
3.620034096527518841e+02,2.092224947207176630e-04
3.620643126516666257e+02,2.090450315822722132e-04
3.621252116465547601e+02,2.098289762034461880e-04
3.621861066351800673e+02,2.102860829837865486e-04
3.622469976153056450e+02,2.104430999714167964e-04
3.623078845846943636e+02,2.102596597730942791e-04
3.623687675411083546e+02,2.101187623945765842e-04
3.624296464823096926e+02,2.099103566515702843e-04
3.624905214060597132e+02,2.098696657688607831e-04
3.625513923101192972e+02,2.091043296255918726e-04
3.626122591922490983e+02,2.113626042296158180e-04
3.626731220502091446e+02,2.109989696583939992e-04
3.627339808817590665e+02,2.113885516195990275e-04
3.627948356846580964e+02,2.099971586410568497e-04
3.628556864566649551e+02,2.129322844937746621e-04
3.629165331955380225e+02,2.126888685496281818e-04
3.629773758990349393e+02,2.119675142814309704e-04
3.630382145649133463e+02,2.113161168292536764e-04
3.630990491909301454e+02,2.121930290040897448e-04
3.631598797748418406e+02,2.107937508951561120e-04
3.632207063144045378e+02,2.131054535405386757e-04
3.632815288073737747e+02,2.133581087420249867e-04
3.633423472515049184e+02,2.143275510753529084e-04
3.634031616445524833e+02,2.138205295902367994e-04
3.634639719842709837e+02,2.150437893892598448e-04
3.635247782684141953e+02,2.155492418033365691e-04
3.635855804947354386e+02,2.162183118014570856e-04
3.636463786609877502e+02,2.136328265296861954e-04
3.637071727649237118e+02,2.154540885186593765e-04
3.637679628042953368e+02,2.156508223754913646e-04
3.638287487768541837e+02,2.166843498310589789e-04
3.638895306803515268e+02,2.152597357844499221e-04
3.639503085125380721e+02,2.153672201604177013e-04
3.640110822711641276e+02,2.158115663694131446e-04
3.640718519539796034e+02,2.162451072284946117e-04
3.641326175587337843e+02,2.137334970545489094e-04
3.641933790831756710e+02,2.133654355133667447e-04
3.642541365250537524e+02,2.153737152273857392e-04
3.643148898821161197e+02,2.168762250518814700e-04
3.643756391521105797e+02,2.170292320213580033e-04
3.644363843327839732e+02,2.161487931099510774e-04
3.644971254218831405e+02,2.151272964671653944e-04
3.645578624171545812e+02,2.151777978297050690e-04
3.646185953163438853e+02,2.167247786012945019e-04
3.646793241171965292e+02,2.168332572202808168e-04
3.647400488174575912e+02,2.171846007623175374e-04
3.648007694148714108e+02,2.146525487876556901e-04
3.648614859071821570e+02,2.142775084460443768e-04
3.649221982921332028e+02,2.140129129509715723e-04
3.649829065674680919e+02,2.158929495529561743e-04
3.650436107309294016e+02,2.173679958715435086e-04
3.651043107802593681e+02,2.168357036647110736e-04
3.651650067131998298e+02,2.165962140834425673e-04
3.652256985274921703e+02,2.156285108907985413e-04
3.652863862208774322e+02,2.168633020402509649e-04
3.653470697910959757e+02,2.154585067085487866e-04
3.654077492358880477e+02,2.164961242750042096e-04
3.654684245529931559e+02,2.146277590951199633e-04
3.655290957401504670e+02,2.155865403420697862e-04
3.655897627950985793e+02,2.158570687810767985e-04
3.656504257155760342e+02,2.160465083049820469e-04
3.657110844993204637e+02,2.148534030603069570e-04
3.657717391440693291e+02,2.152814804000343697e-04
3.658323896475594665e+02,2.177872251614637947e-04
3.658930360075275416e+02,2.171980932433744099e-04
3.659536782217095947e+02,2.157926439545662894e-04
3.660143162878410408e+02,2.200522755426004957e-04
3.660749502036572949e+02,2.221680478402609865e-04
3.661355799668929762e+02,2.228630150461782897e-04
3.661962055752821925e+02,2.213167216334398734e-04
3.662568270265589376e+02,2.213759436355684752e-04
3.663174443184566371e+02,2.197824571795765490e-04
3.663780574487080912e+02,2.208521918229117815e-04
3.664386664150458728e+02,2.227176571701972637e-04
3.664992712152020431e+02,2.180637082224977125e-04
3.665598718469082655e+02,2.178654928565072085e-04
3.666204683078955213e+02,2.190816308990033807e-04
3.666810605958945644e+02,2.170301335724029762e-04
3.667416487086358075e+02,2.169347500862883358e-04
3.668022326438489245e+02,2.177226129210026347e-04
3.668628123992633050e+02,2.186594484267226021e-04
3.669233879726079977e+02,2.184682857934140633e-04
3.669839593616114257e+02,2.173831163876788750e-04
3.670445265640015009e+02,2.171943624613535283e-04
3.671050895775060212e+02,2.209078731044199846e-04
3.671656483998519889e+02,2.212928066235163478e-04
3.672262030287662355e+02,2.205788610340999776e-04
3.672867534619749108e+02,2.184622481541770810e-04
3.673472996972039937e+02,2.191163449768497877e-04
3.674078417321786674e+02,2.202856720438752978e-04
3.674683795646240014e+02,2.203847538349257523e-04
3.675289131922643264e+02,2.181641717697615753e-04
3.675894426128238592e+02,2.159515847265205729e-04
3.676499678240260209e+02,2.149725973379556436e-04
3.677104888235940621e+02,2.156246277242377502e-04
3.677710056092506647e+02,2.146720438331594944e-04
3.678315181787181132e+02,2.157278845220824532e-04
3.678920265297181800e+02,2.156672501487408398e-04
3.679525306599722398e+02,2.184104560476048085e-04
3.680130305672012128e+02,2.191679471610349711e-04
3.680735262491255071e+02,2.206958767377301047e-04
3.681340177034653038e+02,2.210581417760026099e-04
3.681945049279401019e+02,2.236619763078157865e-04
3.682549879202690590e+02,2.213897549442352770e-04
3.683154666781709352e+02,2.214115748251011180e-04
3.683759411993637514e+02,2.197627076288288794e-04
3.684364114815655853e+02,2.212706928748216998e-04
3.684968775224936621e+02,2.191241199692741098e-04
3.685573393198648660e+02,2.206293018959471701e-04
3.686177968713957966e+02,2.219706558479699445e-04
3.686782501748024856e+02,2.226355738636096797e-04
3.687386992278003959e+02,2.217350484498652988e-04
3.687991440281045925e+02,2.231362612740421416e-04
3.688595845734300838e+02,2.212553571347431196e-04
3.689200208614907979e+02,2.219393203204290260e-04
3.689804528900006062e+02,2.214074205397504734e-04
3.690408806566729822e+02,2.233336507588347159e-04
3.691013041592208310e+02,2.240210456464454471e-04
3.691617233953564892e+02,2.257606751338270788e-04
3.692221383627920659e+02,2.299093553736183742e-04
3.692825490592391589e+02,2.327620344426444476e-04
3.693429554824086836e+02,2.329608817589156038e-04
3.694033576300116692e+02,2.322704600652514089e-04
3.694637554997581788e+02,2.273232281842992876e-04
3.695241490893580476e+02,2.295502409182901421e-04
3.695845383965205428e+02,2.260646354924324088e-04
3.696449234189545905e+02,2.277242783136381170e-04
3.697053041543687186e+02,2.311956990634428865e-04
3.697656806004710575e+02,2.335874459341850029e-04
3.698260527549688277e+02,2.294911696204709778e-04
3.698864206155694205e+02,2.302596381373987094e-04
3.699467841799796020e+02,2.326305704886856161e-04
3.700071434459052853e+02,2.349813775738164156e-04
3.700674984110524974e+02,2.312397437463118517e-04
3.701278490731266402e+02,2.287451899634677054e-04
3.701881954298324331e+02,2.306530437113189498e-04
3.702485374788743115e+02,2.355925187796478379e-04
3.703088752179564267e+02,2.341397524769880977e-04
3.703692086447823613e+02,2.301162200752561319e-04
3.704295377570551295e+02,2.276761104112947514e-04
3.704898625524774047e+02,2.296956956656927241e-04
3.705501830287515759e+02,2.325056720858710709e-04
3.706104991835793498e+02,2.353406312505988370e-04
3.706708110146619219e+02,2.309387657899074830e-04
3.707311185197002601e+02,2.292768708917034708e-04
3.707914216963949343e+02,2.285799193001356033e-04
3.708517205424458325e+02,2.290014516805588117e-04
3.709120150555525584e+02,2.319867871337549293e-04
3.709723052334143176e+02,2.345748199557690344e-04
3.710325910737296908e+02,2.326237060224272063e-04
3.710928725741967469e+02,2.306717969243165232e-04
3.711531497325135547e+02,2.292101874347370386e-04
3.712134225463773305e+02,2.300669744652731653e-04
3.712736910134848927e+02,2.295106305217145006e-04
3.713339551315327185e+02,2.334082249849528130e-04
3.713942148982168305e+02,2.313641476300309647e-04
3.714544703112329671e+02,2.294381383874664925e-04
3.715147213682758434e+02,2.282957012766275568e-04
3.715749680670404018e+02,2.292927167812493173e-04
3.716352104052209029e+02,2.288803847365284067e-04
3.716954483805109248e+02,2.294793564365931750e-04
3.717556819906039323e+02,2.291328969419350052e-04
3.718159112331928782e+02,2.293823985758913200e-04
3.718761361059699766e+02,2.301663512376178123e-04
3.719363566066273279e+02,2.297477958684994480e-04
3.719965727328565777e+02,2.287435473394421092e-04
3.720567844823487462e+02,2.294783147153577518e-04
3.721169918527945129e+02,2.276535900028677937e-04
3.721771948418839884e+02,2.305939471377075299e-04
3.722373934473072268e+02,2.286398902840050366e-04
3.722975876667532589e+02,2.313598281666039982e-04
3.723577774979111155e+02,2.302730912238419526e-04
3.724179629384691452e+02,2.299500731429783334e-04
3.724781439861153558e+02,2.281875266135672360e-04
3.725383206385373569e+02,2.318383853691914718e-04
3.725984928934221898e+02,2.339815514621501093e-04
3.726586607484566116e+02,2.389441924360472891e-04
3.727188242013267541e+02,2.399137578946005311e-04
3.727789832497183511e+02,2.413537900659448005e-04
3.728391378913166818e+02,2.402279985202088208e-04
3.728992881238067980e+02,2.391422696802819256e-04
3.729594339448729556e+02,2.411608511544286783e-04
3.730195753521991833e+02,2.396132031868508194e-04
3.730797123434692253e+02,2.361798115150749635e-04
3.731398449163658597e+02,2.383006205506421680e-04
3.731999730685719214e+02,2.378788958970283994e-04
3.732600967977695632e+02,2.347394526473380451e-04
3.733202161016404830e+02,2.327261211389398292e-04
3.733803309778661514e+02,2.354906202791809205e-04
3.734404414241273571e+02,2.377231710116089948e-04
3.735005474381044905e+02,2.344558020613951685e-04
3.735606490174776013e+02,2.333897943199214132e-04
3.736207461599261705e+02,2.325760280258153286e-04
3.736808388631292814e+02,2.365776666300411211e-04
3.737409271247656193e+02,2.341100279086659312e-04
3.738010109425134146e+02,2.325443978264866800e-04
3.738610903140502728e+02,2.326788840193896705e-04
3.739211652370536854e+02,2.299436042981248631e-04
3.739812357092004618e+02,2.334650739150309173e-04
3.740413017281668999e+02,2.355323325553148770e-04
3.741013632916291840e+02,2.332219569715029723e-04
3.741614203972627024e+02,2.297343591610999966e-04
3.742214730427425025e+02,2.267337496710085788e-04
3.742815212257432904e+02,2.264667211202682723e-04
3.743415649439393746e+02,2.324874556519585726e-04
3.744016041950043814e+02,2.303445939452273671e-04
3.744616389766114821e+02,2.271533938431556372e-04
3.745216692864337915e+02,2.273300481551896682e-04
3.745816951221436284e+02,2.272281267387737187e-04
3.746417164814129706e+02,2.277908851245565339e-04
3.747017333619131705e+02,2.282902319834509473e-04
3.747617457613156375e+02,2.295279311523220906e-04
3.748217536772907579e+02,2.296520269193863734e-04
3.748817571075087471e+02,2.264040721281440432e-04
3.749417560496394799e+02,2.276478282204446842e-04
3.750017505013521486e+02,2.214664759337747009e-04
3.750617404603156615e+02,2.205701744583680643e-04
3.751217259241982447e+02,2.202855853110614144e-04
3.751817068906681243e+02,2.208838601325501243e-04
3.752416833573927875e+02,2.228571482292262000e-04
3.753016553220391529e+02,2.236240333350241253e-04
3.753616227822737983e+02,2.229707128987131132e-04
3.754215857357633013e+02,2.231787175617152706e-04
3.754815441801730458e+02,2.212696054000137422e-04
3.755414981131683021e+02,2.230732960291355684e-04
3.756014475324141131e+02,2.216213306391609321e-04
3.756613924355748395e+02,2.190296008345606320e-04
3.757213328203143305e+02,2.191794075696289624e-04
3.757812686842962648e+02,2.198833048466149740e-04
3.758412000251835821e+02,2.181091492576768239e-04
3.759011268406389377e+02,2.171350680114477111e-04
3.759610491283245892e+02,2.160751349339454263e-04
3.760209668859021122e+02,2.178943295154614371e-04
3.760808801110329682e+02,2.204497673069817903e-04
3.761407888013778233e+02,2.222596481113923409e-04
3.762006929545972866e+02,2.220270829772871715e-04
3.762605925683511146e+02,2.244034620724031802e-04
3.763204876402990067e+02,2.246588956195951729e-04
3.763803781680998668e+02,2.291263597497187178e-04
3.764402641494123145e+02,2.302356492027848129e-04
3.765001455818946852e+02,2.311405445833389404e-04
3.765600224632045183e+02,2.291171238032930926e-04
3.766198947909992398e+02,2.275385446249278138e-04
3.766797625629355935e+02,2.260568736430795703e-04
3.767396257766700955e+02,2.276764526979117701e-04
3.767994844298585235e+02,2.240203265475975423e-04
3.768593385201564843e+02,2.222776244273645511e-04
3.769191880452190730e+02,2.215633219662383987e-04
3.769790330027008167e+02,2.215542902913403907e-04
3.770388733902558442e+02,2.198604953375386448e-04
3.770987092055380572e+02,2.238918492252054717e-04
3.771585404462006750e+02,2.245028239799587671e-04
3.772183671098963487e+02,2.242894240640590892e-04
3.772781891942777293e+02,2.181530873739985087e-04
3.773380066969965583e+02,2.144530898606607434e-04
3.773978196157044636e+02,2.171740241679767744e-04
3.774576279480524477e+02,2.205094659639844916e-04
3.775174316916911152e+02,2.161370189920431889e-04
3.775772308442706162e+02,2.160987807825521547e-04
3.776370254034407594e+02,2.159174046937084352e-04
3.776968153668506716e+02,2.170906620676208028e-04
3.777566007321493657e+02,2.132520967080568295e-04
3.778163814969850591e+02,2.125307269951204347e-04
3.778761576590057416e+02,2.130385138283384682e-04
3.779359292158588914e+02,2.113539073928951773e-04
3.779956961651916458e+02,2.089242040712459118e-04
3.780554585046505167e+02,2.107499223212954667e-04
3.781152162318817318e+02,2.128326079284378804e-04
3.781749693445309504e+02,2.140304632855354321e-04
3.782347178402433769e+02,2.145308531112435078e-04
3.782944617166639887e+02,2.130360795539474391e-04
3.783542009714370806e+02,2.074174286917571108e-04
3.784139356022066067e+02,2.006109275622558637e-04
3.784736656066160094e+02,2.046523896077302111e-04
3.785333909823083900e+02,2.080770908829423463e-04
3.785931117269263382e+02,2.088457839595176204e-04
3.786528278381119321e+02,2.096095690158418284e-04
3.787125393135069658e+02,2.079127347450676145e-04
3.787722461507527214e+02,2.051821499698193473e-04
3.788319483474899698e+02,2.045197288975286363e-04
3.788916459013590270e+02,2.081733022918418139e-04
3.789513388099999815e+02,2.057585704340484170e-04
3.790110270710521831e+02,2.043962918266173411e-04
3.790707106821546972e+02,2.035251083166453941e-04
3.791303896409460776e+02,2.051717999190143054e-04
3.791900639450645372e+02,2.059909288695323140e-04
3.792497335921477770e+02,2.051058881744497538e-04
3.793093985798331005e+02,1.952530573136902477e-04
3.793690589057571856e+02,1.918995553267344807e-04
3.794287145675565398e+02,1.943484508576228591e-04
3.794883655628669885e+02,1.954695078495586929e-04
3.795480118893240160e+02,1.899640787787569140e-04
3.796076535445627655e+02,1.875374025913328468e-04
3.796672905262176982e+02,1.919364287963576062e-04
3.797269228319229342e+02,1.987362687302025085e-04
3.797865504593122523e+02,2.007721408871152014e-04
3.798461734060190338e+02,2.025453035072242015e-04
3.799057916696758639e+02,2.032675468634616907e-04
3.799654052479150437e+02,2.050389708178327513e-04
3.800250141383688742e+02,2.037544844443228470e-04
3.800846183386685198e+02,2.032081704547381300e-04
3.801442178464450308e+02,2.047089741640890285e-04
3.802038126593290031e+02,2.052509091713298572e-04
3.802634027749507482e+02,2.056678486902473733e-04
3.803229881909397818e+02,2.051492131897940353e-04
3.803825689049252787e+02,2.039627814894799500e-04
3.804421449145361862e+02,2.044480858016557159e-04
3.805017162174008831e+02,2.044836664628494943e-04
3.805612828111472368e+02,2.077180947596211219e-04
3.806208446934026028e+02,2.066066154038512714e-04
3.806804018617942802e+02,2.046820167515431082e-04
3.807399543139486013e+02,2.045041209930249446e-04
3.807995020474916714e+02,1.981655805924873739e-04
3.808590450600493682e+02,1.933478294857921638e-04
3.809185833492468873e+02,1.981907865748590368e-04
3.809781169127089129e+02,1.997069930389370660e-04
3.810376457480598447e+02,1.984737770440336184e-04
3.810971698529237415e+02,1.993947727987025083e-04
3.811566892249238663e+02,2.029696054709615902e-04
3.812162038616833115e+02,1.999186889275714500e-04
3.812757137608246012e+02,1.982269092179224639e-04
3.813352189199699751e+02,1.988814051584322849e-04
3.813947193367409909e+02,2.009837042398124991e-04
3.814542150087589789e+02,2.033609691287673938e-04
3.815137059336447578e+02,2.024690813309638166e-04
3.815731921090186347e+02,2.004811831043548599e-04
3.816326735325003483e+02,2.002300502585374566e-04
3.816921502017095804e+02,2.003354200402599242e-04
3.817516221142653308e+02,2.023893021073014994e-04
3.818110892677860306e+02,1.981902645989885240e-04
3.818705516598898271e+02,1.970183279293561177e-04
3.819300092881945830e+02,1.953942437547308026e-04
3.819894621503173084e+02,1.980351993175102747e-04
3.820489102438748432e+02,1.984812368058600765e-04
3.821083535664835722e+02,2.001630822384336747e-04
3.821677921157594255e+02,1.986276005404325894e-04
3.822272258893178218e+02,1.968016059272140314e-04
3.822866548847736681e+02,1.942748543019790159e-04
3.823460790997417007e+02,1.912820363544350086e-04
3.824054985318359172e+02,1.892423785781106752e-04
3.824649131786700309e+02,1.911602913098398634e-04
3.825243230378572434e+02,1.929547142028781900e-04
3.825837281070103586e+02,1.940431574409837514e-04
3.826431283837417823e+02,1.900688432377241636e-04
3.827025238656631814e+02,1.908478904129177795e-04
3.827619145503863365e+02,1.902456812234964956e-04
3.828213004355220050e+02,1.846674346217309242e-04
3.828806815186807739e+02,1.825621453906076932e-04
3.829400577974728321e+02,1.850280270987643720e-04
3.829994292695078570e+02,1.870441562810036887e-04
3.830587959323949008e+02,1.887295142787034192e-04
3.831181577837429018e+02,1.890994775973410156e-04
3.831775148211601163e+02,1.916004439015411170e-04
3.832368670422545733e+02,1.925224396389423141e-04
3.832962144446335628e+02,1.929848080251142604e-04
3.833555570259040337e+02,1.913715219672600988e-04
3.834148947836727643e+02,1.906544538112489497e-04
3.834742277155456804e+02,1.880277796861048849e-04
3.835335558191284804e+02,1.897350606866585914e-04
3.835928790920264078e+02,1.902047505234724959e-04
3.836521975318441946e+02,1.887178017247973655e-04
3.837115111361862319e+02,1.864832770688159798e-04
3.837708199026562284e+02,1.879962058231269683e-04
3.838301238288578929e+02,1.899183975724580214e-04
3.838894229123940818e+02,1.903876050833291770e-04
3.839487171508671963e+02,1.889382201725310444e-04
3.840080065418795812e+02,1.868395409487320208e-04
3.840672910830328419e+02,1.879539535944169256e-04
3.841265707719280726e+02,1.901218165895605559e-04
3.841858456061660831e+02,1.862185429989222322e-04
3.842451155833472285e+02,1.840027524315603134e-04
3.843043807010714659e+02,1.838132963857080871e-04
3.843636409569380703e+02,1.835694333865713578e-04
3.844228963485460895e+02,1.832658539873661214e-04
3.844821468734941163e+02,1.844329279086001617e-04
3.845413925293801753e+02,1.852830454932110943e-04
3.846006333138018363e+02,1.871481500088025983e-04
3.846598692243565552e+02,1.861113284208725633e-04
3.847191002586409354e+02,1.871946070299771304e-04
3.847783264142511825e+02,1.882287601325756724e-04
3.848375476887834452e+02,1.882323916498779303e-04
3.848967640798330194e+02,1.866721296662789934e-04
3.849559755849947464e+02,1.850309692009237091e-04
3.850151822018633538e+02,1.835788905837826062e-04
3.850743839280328871e+02,1.824976080946763633e-04
3.851335807610969937e+02,1.796175731410775106e-04
3.851927726986486960e+02,1.824618584417135743e-04
3.852519597382809593e+02,1.846847364894346332e-04
3.853111418775861239e+02,1.849883116974132124e-04
3.853703191141559614e+02,1.844314466246784942e-04
3.854294914455818457e+02,1.859362749010329979e-04
3.854886588694548095e+02,1.858999543535726532e-04
3.855478213833654308e+02,1.849596757127393450e-04
3.856069789849037761e+02,1.821027635984451482e-04
3.856661316716594001e+02,1.830807151841201664e-04
3.857252794412215167e+02,1.820603085101388241e-04
3.857844222911789984e+02,1.837752780299159656e-04
3.858435602191200360e+02,1.822820395882254665e-04
3.859026932226325926e+02,1.809504859309135161e-04
3.859618212993040629e+02,1.803556621618674282e-04
3.860209444467212734e+02,1.808697321941051840e-04
3.860800626624708229e+02,1.802500000904034780e-04
3.861391759441389127e+02,1.801514568349880279e-04
3.861982842893110046e+02,1.803544259525446405e-04
3.862573876955723904e+02,1.815534472281356163e-04
3.863164861605079068e+02,1.787804877826964427e-04
3.863755796817016517e+02,1.773142956501409014e-04
3.864346682567375524e+02,1.802555246243131093e-04
3.864937518831990815e+02,1.815447622628410453e-04
3.865528305586691999e+02,1.803200473108558706e-04
3.866119042807303572e+02,1.790535710853514615e-04
3.866709730469647184e+02,1.782779821927549311e-04
3.867300368549538234e+02,1.782410027753967912e-04
3.867890957022788712e+02,1.762468476485828277e-04
3.868481495865206625e+02,1.742617744409574526e-04
3.869071985052593732e+02,1.758491234884132373e-04
3.869662424560751219e+02,1.776565591107005760e-04
3.870252814365470044e+02,1.769897380804417444e-04
3.870843154442540595e+02,1.765237942150805464e-04
3.871433444767749847e+02,1.753242570699161665e-04
3.872023685316877391e+02,1.761931467271820250e-04
3.872613876065698264e+02,1.724165321407509219e-04
3.873204016989985234e+02,1.698257448655002202e-04
3.873794108065507089e+02,1.724195538930170003e-04
3.874384149268023521e+02,1.734986453438509607e-04
3.874974140573295927e+02,1.722989738366978690e-04
3.875564081957077747e+02,1.709800180190413569e-04
3.876153973395117305e+02,1.701351786897958125e-04
3.876743814863160651e+02,1.717730577484497770e-04
3.877333606336947582e+02,1.686305780402319078e-04
3.877923347792216191e+02,1.662770345203069084e-04
3.878513039204695474e+02,1.671147872401385287e-04
3.879102680550114428e+02,1.703539835797946919e-04
3.879692271804196366e+02,1.707252760755574778e-04
3.880281812942659485e+02,1.717740480528283712e-04
3.880871303941216865e+02,1.720987048390532569e-04
3.881460744775577609e+02,1.716893423675240496e-04
3.882050135421448545e+02,1.647612519475349414e-04
3.882639475854528541e+02,1.640138332862945564e-04
3.883228766050515333e+02,1.661713828931840695e-04
3.883818005985099830e+02,1.677560540212921845e-04
3.884407195633969536e+02,1.700947876829815857e-04
3.884996334972805698e+02,1.680152537372232456e-04
3.885585423977289565e+02,1.635083887215659296e-04
3.886174462623092722e+02,1.645186685091194799e-04
3.886763450885885618e+02,1.672693623454939691e-04
3.887352388741332447e+02,1.683538691260235299e-04
3.887941276165093996e+02,1.645576015205385827e-04
3.888530113132827637e+02,1.611169605372985379e-04
3.889118899620183356e+02,1.618751368590183040e-04
3.889707635602809432e+02,1.626765513959298366e-04
3.890296321056349029e+02,1.633156474440251003e-04
3.890884955956438489e+02,1.658149131114219996e-04
3.891473540278712449e+02,1.641596405311600791e-04
3.892062073998802134e+02,1.652489612225641372e-04
3.892650557092330246e+02,1.679630712745159432e-04
3.893238989534918346e+02,1.715999633434313744e-04
3.893827371302181746e+02,1.704090097685307932e-04
3.894415702369733481e+02,1.693152090632786934e-04
3.895003982713179198e+02,1.696941760956533233e-04
3.895592212308121134e+02,1.722749443354505054e-04
3.896180391130160388e+02,1.739004631643067109e-04
3.896768519154888395e+02,1.739106945812278135e-04
3.897356596357894318e+02,1.716853849720432102e-04
3.897944622714764478e+02,1.721217521315628019e-04
3.898532598201078372e+02,1.713145025994397346e-04
3.899120522792412658e+02,1.723007719439622709e-04
3.899708396464337739e+02,1.708733829025224486e-04
3.900296219192421177e+02,1.698222695202730172e-04
3.900883990952227123e+02,1.681159886808482491e-04
3.901471711719311770e+02,1.650185569717716664e-04
3.902059381469229038e+02,1.654488670663673054e-04
3.902647000177530572e+02,1.655319684060683463e-04
3.903234567819758354e+02,1.662877235263348079e-04
3.903822084371454366e+02,1.669630141099880875e-04
3.904409549808153201e+02,1.680370218992290705e-04
3.904996964105388315e+02,1.704804286776099914e-04
3.905584327238684637e+02,1.696453518532956917e-04
3.906171639183565958e+02,1.706604692934299587e-04
3.906758899915550955e+02,1.682222728112473507e-04
3.907346109410153190e+02,1.660289304452498491e-04
3.907933267642879969e+02,1.611167630917126694e-04
3.908520374589238031e+02,1.616838742604799050e-04
3.909107430224726727e+02,1.624369488982649638e-04
3.909694434524843132e+02,1.647587339174827329e-04
3.910281387465076932e+02,1.657711282029758731e-04
3.910868289020917814e+02,1.653934178297817670e-04
3.911455139167845800e+02,1.652633760723067253e-04
3.912041937881339777e+02,1.659290358102009043e-04
3.912628685136872946e+02,1.654528209807734499e-04
3.913215380909916234e+02,1.631395643324856334e-04
3.913802025175932044e+02,1.603518937156353345e-04
3.914388617910381640e+02,1.561700107821695270e-04
3.914975159088721739e+02,1.579124104609391246e-04
3.915561648686403373e+02,1.623501149918906458e-04
3.916148086678872460e+02,1.633734644885691310e-04
3.916734473041571505e+02,1.653254743747420636e-04
3.917320807749940741e+02,1.656001748983941210e-04
3.917907090779410737e+02,1.658859492700480670e-04
3.918493322105412631e+02,1.638978997270111083e-04
3.919079501703370738e+02,1.612716627575928603e-04
3.919665629548705397e+02,1.566724005069969317e-04
3.920251705616831828e+02,1.532616489890746070e-04
3.920837729883160705e+02,1.553324556658782082e-04
3.921423702323101566e+02,1.590220196938249770e-04
3.922009622912054283e+02,1.596734101193141204e-04
3.922595491625417594e+02,1.596464449296022988e-04
3.923181308438586257e+02,1.558376593244090126e-04
3.923767073326947639e+02,1.470589716745386685e-04
3.924352786265887403e+02,1.477982893734409368e-04
3.924938447230784959e+02,1.540281671599466205e-04
3.925524056197016876e+02,1.567893797930455975e-04
3.926109613139953467e+02,1.560745530794824644e-04
3.926695118034962775e+02,1.528572376360731765e-04
3.927280570857406019e+02,1.486227446604375347e-04
3.927865971582642715e+02,1.511069934437348817e-04
3.928451320186023850e+02,1.528840367355342061e-04
3.929036616642900412e+02,1.523822782543007100e-04
3.929621860928617139e+02,1.484078728074718085e-04
3.930207053018512511e+02,1.384585375808850753e-04
3.930792192887923875e+02,1.411541701951175452e-04
3.931377280512181756e+02,1.452738396102116949e-04
3.931962315866613835e+02,1.430453155887362522e-04
3.932547298926540975e+02,1.404083426679122353e-04
3.933132229667281194e+02,1.421550143441992328e-04
3.933717108064149670e+02,1.411480767015402856e-04
3.934301934092453052e+02,1.430190046543491791e-04
3.934886707727496855e+02,1.479392002916886785e-04
3.935471428944582044e+02,1.529950959158621207e-04
3.936056097719004470e+02,1.547074471046239077e-04
3.936640714026052592e+02,1.553628568531454919e-04
3.937225277841014872e+02,1.552420981147673300e-04
3.937809789139174654e+02,1.558159141533056095e-04
3.938394247895809031e+02,1.542816111721965198e-04
3.938978654086189977e+02,1.508242411511735519e-04
3.939563007685588332e+02,1.509924026902610130e-04
3.940147308669268114e+02,1.528897767511441374e-04
3.940731557012488793e+02,1.541737687647742948e-04
3.941315752690505860e+02,1.522383214912188885e-04
3.941899895678571397e+02,1.497174331153226085e-04
3.942483985951931231e+02,1.505199346867588722e-04
3.943068023485827212e+02,1.513370912332831129e-04
3.943652008255498345e+02,1.528942368322411727e-04
3.944235940236177953e+02,1.542396324397549969e-04
3.944819819403094243e+02,1.556792958224189813e-04
3.945403645731470874e+02,1.531268468835984701e-04
3.945987419196529800e+02,1.532110572409175120e-04
3.946571139773485015e+02,1.527311873389570356e-04
3.947154807437547674e+02,1.508284055772509964e-04
3.947738422163924952e+02,1.485004463004742565e-04
3.948321983927820042e+02,1.454346545139173247e-04
3.948905492704428184e+02,1.439100370834920078e-04
3.949488948468944614e+02,1.469082585169583118e-04
3.950072351196557179e+02,1.488683750501754307e-04
3.950655700862451454e+02,1.498270350636711512e-04
3.951238997441805623e+02,1.506667364586340772e-04
3.951822240909796733e+02,1.504890241211418670e-04
3.952405431241595011e+02,1.466825297845151155e-04
3.952988568412366703e+02,1.497129866755701917e-04
3.953571652397274647e+02,1.521205777380711969e-04
3.954154683171476563e+02,1.534150416554019272e-04
3.954737660710125624e+02,1.531925376659003474e-04
3.955320584988369887e+02,1.495868110718623421e-04
3.955903455981354000e+02,1.436639716822671830e-04
3.956486273664219198e+02,1.455653721045887931e-04
3.957069038012098758e+02,1.481739453083828469e-04
3.957651749000124823e+02,1.524910477951109552e-04
3.958234406603423849e+02,1.525650890449111612e-04
3.958817010797118883e+02,1.536266591125899151e-04
3.959399561556325011e+02,1.507236517010617546e-04
3.959982058856157323e+02,1.502944156941124140e-04
3.960564502671724654e+02,1.494907286579398196e-04
3.961146892978130154e+02,1.503458555773016310e-04
3.961729229750474701e+02,1.515818904217939396e-04
3.962311512963852920e+02,1.516404178456684710e-04
3.962893742593356592e+02,1.470613811894144047e-04
3.963475918614070679e+02,1.458270157323064470e-04
3.964058041001079005e+02,1.481575010831267852e-04
3.964640109729458004e+02,1.472464106377717984e-04
3.965222124774280701e+02,1.465484743926910713e-04
3.965804086110616709e+02,1.467940878358712847e-04
3.966385993713529388e+02,1.481460814615066898e-04
3.966967847558080393e+02,1.502280150725210297e-04
3.967549647619321149e+02,1.489905885862989436e-04
3.968131393872305921e+02,1.479211028171079588e-04
3.968713086292080447e+02,1.430223905235598609e-04
3.969294724853685921e+02,1.333388733278403730e-04
3.969876309532160121e+02,1.342980309085337694e-04
3.970457840302537420e+02,1.410685284509476318e-04
3.971039317139844798e+02,1.450089397802791142e-04
3.971620740019106961e+02,1.477428758270192760e-04
3.972202108915342933e+02,1.469936982727513544e-04
3.972783423803570031e+02,1.483418229521593482e-04
3.973364684658795909e+02,1.494511983112488678e-04
3.973945891456029926e+02,1.487216973444340840e-04
3.974527044170272916e+02,1.414821086098467411e-04
3.975108142776521731e+02,1.385380024254668715e-04
3.975689187249770384e+02,1.400142886193591707e-04
3.976270177565006634e+02,1.380659418697780937e-04
3.976851113697215965e+02,1.370856931650632233e-04
3.977431995621375904e+02,1.391363676025984440e-04
3.978012823312463979e+02,1.380420490635157055e-04
3.978593596745449190e+02,1.358583143850266239e-04
3.979174315895298264e+02,1.260177148846940273e-04
3.979754980736973948e+02,1.270039408938195252e-04
3.980335591245432738e+02,1.343406734736834422e-04
3.980916147395627718e+02,1.391198241239689586e-04
3.981496649162507993e+02,1.420650066933477017e-04
3.982077096521016415e+02,1.421805729734938164e-04
3.982657489446094132e+02,1.358076159147269038e-04
3.983237827912676039e+02,1.315953892355345130e-04
3.983818111895690777e+02,1.360100157024453056e-04
3.984398341370066987e+02,1.402649255977421667e-04
3.984978516310725922e+02,1.399463594848344289e-04
3.985558636692585992e+02,1.300179280170967204e-04
3.986138702490556511e+02,1.175995861183733556e-04
3.986718713679550206e+02,1.195905840059423726e-04
3.987298670234468432e+02,1.242218592112250518e-04
3.987878572130211978e+02,1.249657422397785036e-04
3.988458419341674812e+02,1.250588214639622225e-04
3.989038211843749195e+02,1.288361901920302677e-04
3.989617949611320569e+02,1.268577132053707874e-04
3.990197632619269257e+02,1.326509762283997664e-04
3.990777260842475016e+02,1.368054028604789331e-04
3.991356834255810213e+02,1.397040162039542917e-04
3.991936352834140962e+02,1.400066637608984052e-04
3.992515816552333945e+02,1.398488418691015646e-04
3.993095225385248455e+02,1.342961267779106552e-04
3.993674579307738099e+02,1.347534381983324261e-04
3.994253878294653646e+02,1.356838443912734230e-04
3.994833122320842449e+02,1.366758171545814427e-04
3.995412311361145612e+02,1.307055776917701831e-04
3.995991445390400258e+02,1.321594900620437539e-04
3.996570524383438965e+02,1.343889969459094132e-04
3.997149548315090897e+02,1.362450445273100965e-04
3.997728517160179535e+02,1.381783382431027744e-04
3.998307430893524383e+02,1.392863830961907779e-04
3.998886289489939259e+02,1.384188139007010284e-04
3.999465092924237979e+02,1.401845515096826879e-04
4.000043841171222994e+02,1.377335521677977494e-04
4.000622534205697320e+02,1.321856486177925281e-04
4.001201172002459998e+02,1.301523773045499589e-04
4.001779754536300970e+02,1.358565450767893769e-04
4.002358281782009612e+02,1.395198834436574525e-04
4.002936753714370184e+02,1.410174673091049138e-04
4.003515170308162396e+02,1.411945947322884858e-04
4.004093531538159709e+02,1.424001600995056932e-04
4.004671837379133876e+02,1.408497353189301681e-04
4.005250087805850967e+02,1.406225615641903005e-04
4.005828282793073072e+02,1.422281798177824845e-04
4.006406422315555460e+02,1.424051792414311214e-04
4.006984506348051696e+02,1.406246076219837347e-04
4.007562534865311363e+02,1.406537703490802038e-04
4.008140507842076659e+02,1.409286441706674266e-04
4.008718425253087503e+02,1.390920998655282843e-04
4.009296287073079839e+02,1.344950001041002601e-04
4.009874093276782787e+02,1.334925768043916867e-04
4.010451843838921491e+02,1.343789634659101821e-04
4.011029538734218818e+02,1.354805058896757692e-04
4.011607177937393089e+02,1.355204537628961576e-04
4.012184761423154669e+02,1.363568301316148363e-04
4.012762289166212213e+02,1.368888710988188046e-04
4.013339761141271538e+02,1.369574744399318096e-04
4.013917177323029364e+02,1.333419152675140780e-04
4.014494537686181843e+02,1.323754953643212912e-04
4.015071842205418875e+02,1.339777370274200193e-04
4.015649090855427517e+02,1.375851085054754022e-04
4.016226283610887435e+02,1.385271888466978521e-04
4.016803420446477730e+02,1.388348226374375865e-04
4.017380501336869543e+02,1.372061729837756468e-04
4.017957526256731740e+02,1.392773665436021534e-04
4.018534495180726935e+02,1.408274794804174185e-04
4.019111408083515471e+02,1.424481121286852859e-04
4.019688264939752571e+02,1.413673264327274914e-04
4.020265065724087776e+02,1.429523834524115428e-04
4.020841810411166648e+02,1.424433223119195226e-04
4.021418498975631906e+02,1.406938593009646426e-04
4.021995131392118878e+02,1.399795254039403890e-04
4.022571707635261760e+02,1.369962818275108059e-04
4.023148227679687920e+02,1.329593841511608450e-04
4.023724691500020754e+02,1.345700907340212696e-04
4.024301099070879673e+02,1.382681462755123308e-04
4.024877450366878975e+02,1.388350798814785695e-04
4.025453745362631253e+02,1.386549417052430455e-04
4.026029984032739435e+02,1.392502267129833442e-04
4.026606166351805882e+02,1.391596691344206970e-04
4.027182292294428407e+02,1.405594271226258494e-04
4.027758361835198571e+02,1.400040333490069834e-04
4.028334374948705090e+02,1.408136340360711177e-04
4.028910331609530431e+02,1.387698663474803398e-04
4.029486231792255353e+02,1.396146906426561107e-04
4.030062075471453227e+02,1.386841853443245259e-04
4.030637862621695717e+02,1.360580295647112383e-04
4.031213593217546531e+02,1.334412561171020395e-04
4.031789267233569376e+02,1.351572617338705866e-04
4.032364884644319432e+02,1.368556527542850760e-04
4.032940445424349605e+02,1.391495993227662522e-04
4.033515949548207686e+02,1.395030220049857470e-04
4.034091396990439193e+02,1.398924416193338431e-04
4.034666787725579979e+02,1.395276195598399221e-04
4.035242121728165898e+02,1.418386429867763505e-04
4.035817398972729393e+02,1.422028992113135554e-04
4.036392619433794380e+02,1.419022515347107417e-04
4.036967783085879660e+02,1.365783809572555069e-04
4.037542889903506875e+02,1.315975965474989876e-04
4.038117939861185732e+02,1.335834452777796529e-04
4.038692932933424231e+02,1.370484424203187435e-04
4.039267869094726393e+02,1.367613299007520891e-04
4.039842748319591692e+02,1.386377385868754102e-04
4.040417570582513918e+02,1.392451231347658649e-04
4.040992335857983448e+02,1.362475286210650376e-04
4.041567044120484979e+02,1.353118885474678549e-04
4.042141695344502068e+02,1.378503476529699325e-04
4.042716289504510314e+02,1.362619261461871819e-04
4.043290826574981338e+02,1.349707231790344146e-04
4.043865306530384487e+02,1.372891408888500043e-04
4.044439729345181149e+02,1.394410359689864651e-04
4.045014094993832146e+02,1.399509215824195762e-04
4.045588403450792043e+02,1.399915641769971749e-04
4.046162654690510294e+02,1.360465636528940985e-04
4.046736848687431234e+02,1.342618035904504425e-04
4.047310985415998630e+02,1.319828116774277417e-04
4.047885064850648860e+02,1.266684688736506267e-04
4.048459086965812617e+02,1.305476142933009146e-04
4.049033051735918889e+02,1.357283869354962836e-04
4.049606959135389275e+02,1.370559900296743387e-04
4.050180809138645941e+02,1.365181456635928918e-04
4.050754601720100823e+02,1.359704463901043926e-04
4.051328336854164718e+02,1.343165767085359268e-04
4.051902014515243309e+02,1.329515709939761627e-04
4.052475634677738299e+02,1.366860445820672983e-04
4.053049197316045138e+02,1.354953610952553571e-04
4.053622702404557003e+02,1.344113444799944134e-04
4.054196149917661955e+02,1.281880971989041173e-04
4.054769539829741802e+02,1.270014362538898506e-04
4.055342872115177215e+02,1.293650876908960135e-04
4.055916146748342044e+02,1.293604572447760266e-04
4.056489363703606159e+02,1.284675610456174368e-04
4.057062522955334316e+02,1.298940106437909703e-04
4.057635624477887859e+02,1.305764060255144301e-04
4.058208668245625859e+02,1.297542431003481927e-04
4.058781654232896585e+02,1.322209382830406236e-04
4.059354582414050583e+02,1.323008855867042197e-04
4.059927452763430438e+02,1.304865287382106281e-04
4.060500265255375325e+02,1.326931442097488499e-04
4.061073019864218736e+02,1.337560354962070595e-04
4.061645716564291320e+02,1.353039596757339561e-04
4.062218355329918609e+02,1.337645967371388985e-04
4.062790936135421020e+02,1.316305115132363748e-04
4.063363458955114993e+02,1.338562298417937777e-04
4.063935923763314122e+02,1.374215659138956986e-04
4.064508330534325751e+02,1.391555801175264635e-04
4.065080679242450969e+02,1.406864930909865002e-04
4.065652969861990869e+02,1.408775039959980931e-04
4.066225202367239149e+02,1.420634236148603376e-04
4.066797376732484963e+02,1.427634760501784593e-04
4.067369492932014623e+02,1.428564509676360529e-04
4.067941550940109892e+02,1.417134609421792451e-04
4.068513550731045711e+02,1.394195744414031106e-04
4.069085492279094183e+02,1.394338250627322239e-04
4.069657375558524564e+02,1.384236272906229684e-04
4.070229200543598722e+02,1.376182271069141083e-04
4.070800967208575685e+02,1.383109041472602846e-04
4.071372675527709362e+02,1.399613619179517138e-04
4.071944325475250821e+02,1.433099598124923087e-04
4.072515917025443741e+02,1.430994698500658838e-04
4.073087450152531233e+02,1.427408135434813394e-04
4.073658924830746741e+02,1.418190293274396521e-04
4.074230341034325988e+02,1.419791421111934223e-04
4.074801698737493325e+02,1.436203549109248514e-04
4.075372997914473103e+02,1.441208532807330945e-04
4.075944238539484559e+02,1.436776976507041475e-04
4.076515420586742380e+02,1.437098687513629241e-04
4.077086544030455002e+02,1.429391059307464555e-04
4.077657608844827450e+02,1.443821711060950326e-04
4.078228615004061908e+02,1.448985508284108452e-04
4.078799562482355441e+02,1.445737080879261837e-04
4.079370451253896022e+02,1.427908919023039721e-04
4.079941281292876738e+02,1.411915440770839338e-04
4.080512052573477604e+02,1.431475603590583526e-04
4.081082765069876928e+02,1.445287226079317120e-04
4.081653418756249607e+02,1.424753719185936943e-04
4.082224013606765993e+02,1.402977033617576735e-04
4.082794549595591320e+02,1.397397954392713606e-04
4.083365026696884001e+02,1.417613650936155097e-04
4.083935444884803587e+02,1.404393669958042042e-04
4.084505804133501101e+02,1.416330440439641993e-04
4.085076104417123020e+02,1.432814079786213308e-04
4.085646345709812408e+02,1.441940922142337757e-04
4.086216527985710059e+02,1.375407812901715979e-04
4.086786651218948236e+02,1.313144484315524672e-04
4.087356715383655796e+02,1.343395147926437641e-04
4.087926720453959319e+02,1.318906466284281700e-04
4.088496666403980839e+02,1.304947892231745937e-04
4.089066553207833863e+02,1.348225060629617362e-04
4.089636380839631329e+02,1.379154827524330367e-04
4.090206149273482197e+02,1.378768941952091627e-04
4.090775858483488037e+02,1.395310652406437551e-04
4.091345508443747008e+02,1.419412363078633073e-04
4.091915099128353290e+02,1.423423866786612316e-04
4.092484630511398223e+02,1.442706835284962542e-04
4.093054102566965753e+02,1.424586337399721861e-04
4.093623515269135282e+02,1.376115631881759394e-04
4.094192868591985643e+02,1.345873483043481496e-04
4.094762162509587142e+02,1.362268657586130814e-04
4.095331396996007243e+02,1.389944950324741642e-04
4.095900572025308293e+02,1.395115146723424908e-04
4.096469687571551503e+02,1.408830702323079652e-04
4.097038743608787854e+02,1.423005431791643971e-04
4.097607740111067187e+02,1.440635039021079939e-04
4.098176677052437071e+02,1.445496807493736480e-04
4.098745554406936549e+02,1.429901370796813308e-04
4.099314372148601819e+02,1.440563678204269393e-04
4.099883130251464536e+02,1.426555023608404218e-04
4.100451828689552372e+02,1.315286497460136706e-04
4.101020467436887316e+02,1.262481976505345582e-04
4.101589046467489084e+02,1.320437819506420504e-04
4.102157565755372275e+02,1.358113271072976334e-04
4.102726025274544668e+02,1.384878158180465177e-04
4.103294424999011198e+02,1.389369430330385528e-04
4.103862764902773961e+02,1.414106182482312453e-04
4.104431044959828796e+02,1.433427178327612201e-04
4.104999265144165861e+02,1.438149631922473173e-04
4.105567425429774744e+02,1.428332356487143609e-04
4.106135525790636507e+02,1.426784125663650823e-04
4.106703566200731075e+02,1.447765762457329315e-04
4.107271546634030983e+02,1.463798237885367099e-04
4.107839467064505925e+02,1.462800431178422117e-04
4.108407327466122752e+02,1.475386404532683094e-04
4.108975127812838082e+02,1.480108899479656230e-04
4.109542868078612514e+02,1.468368899702895633e-04
4.110110548237395847e+02,1.420133398191616308e-04
4.110678168263134467e+02,1.439446229302153207e-04
4.111245728129771351e+02,1.447790566664179136e-04
4.111813227811245497e+02,1.443285671458627078e-04
4.112380667281491924e+02,1.429443519228024964e-04
4.112948046514437124e+02,1.454174434207695108e-04
4.113515365484008726e+02,1.442729181510488731e-04
4.114082624164126401e+02,1.403129976335661924e-04
4.114649822528705840e+02,1.395339673058520157e-04
4.115216960551658190e+02,1.415079259263216712e-04
4.115784038206891751e+02,1.429653640054031553e-04
4.116351055468309141e+02,1.433854923575854715e-04
4.116918012309808432e+02,1.440742635585148595e-04
4.117484908705282578e+02,1.419645177503342894e-04
4.118051744628622259e+02,1.441867953787228773e-04
4.118618520053712473e+02,1.462960715606196498e-04
4.119185234954431962e+02,1.471324814716961846e-04
4.119751889304658334e+02,1.481124106420508477e-04
4.120318483078263512e+02,1.481411109271370404e-04
4.120885016249113164e+02,1.465897449103916730e-04
4.121451488791069551e+02,1.406248516200959227e-04
4.122017900677993225e+02,1.409423807391557454e-04
4.122584251883736215e+02,1.433578361802845627e-04
4.123150542382148842e+02,1.448186908384432089e-04
4.123716772147075176e+02,1.435838995219223320e-04
4.124282941152355875e+02,1.428634787833641556e-04
4.124849049371827050e+02,1.424835053562255598e-04
4.125415096779319697e+02,1.428197279872113956e-04
4.125981083348661969e+02,1.419232003750252097e-04
4.126547009053675765e+02,1.367186484382039305e-04
4.127112873868179008e+02,1.313431276952503894e-04
4.127678677765985071e+02,1.358000559131459335e-04
4.128244420720905623e+02,1.416688374376601374e-04
4.128810102706742668e+02,1.410136320446990488e-04
4.129375723697298213e+02,1.363882133193715623e-04
4.129941283666366871e+02,1.370450763551357286e-04
4.130506782587741554e+02,1.413529128394100430e-04
4.131072220435208919e+02,1.386927023291662528e-04
4.131637597182549939e+02,1.380348173912707306e-04
4.132202912803545587e+02,1.416819549600739636e-04
4.132768167271966604e+02,1.441466370283821371e-04
4.133333360561584868e+02,1.450287854358803512e-04
4.133898492646163163e+02,1.388452998471284528e-04
4.134463563499462566e+02,1.370322563421008785e-04
4.135028573095237903e+02,1.419633274853864880e-04
4.135593521407243429e+02,1.405706103177102877e-04
4.136158408409223171e+02,1.376167143860632905e-04
4.136723234074921152e+02,1.406087655969303816e-04
4.137287998378074576e+02,1.363352212257130838e-04
4.137852701292417805e+02,1.338574349972437134e-04
4.138417342791680085e+02,1.378256080987300645e-04
4.138981922849584976e+02,1.394769315691019192e-04
4.139546441439853766e+02,1.413495123382303850e-04
4.140110898536202626e+02,1.416518764173212738e-04
4.140675294112342613e+02,1.426264124429603452e-04
4.141239628141979097e+02,1.456533743039827836e-04
4.141803900598816313e+02,1.424618434276865553e-04
4.142368111456552242e+02,1.392159604222020146e-04
4.142932260688879751e+02,1.419527674086254010e-04
4.143496348269488294e+02,1.460848265323387931e-04
4.144060374172061643e+02,1.481721641653304896e-04
4.144624338370281862e+02,1.476414918803595005e-04
4.145188240837823059e+02,1.459811227470231548e-04
4.145752081548357069e+02,1.455339913468607388e-04
4.146315860475551744e+02,1.465071462067066928e-04
4.146879577593068120e+02,1.456299616081334098e-04
4.147443232874564387e+02,1.446660862225503943e-04
4.148006826293694758e+02,1.450302272555451509e-04
4.148570357824107191e+02,1.458084109780827936e-04
4.149133827439447373e+02,1.474678773670039754e-04
4.149697235113354736e+02,1.456354242431746318e-04
4.150260580819466441e+02,1.461587633873463841e-04
4.150823864531411687e+02,1.419760334986150526e-04
4.151387086222817970e+02,1.438358211103560943e-04
4.151950245867308809e+02,1.467477698226518558e-04
4.152513343438500897e+02,1.475988533278208448e-04
4.153076378910008088e+02,1.463686808220916204e-04
4.153639352255439121e+02,1.476096571305977824e-04
4.154202263448398753e+02,1.483102599322693067e-04
4.154765112462486627e+02,1.448996360602026730e-04
4.155327899271299543e+02,1.438076674594934105e-04
4.155890623848428049e+02,1.486082239456404039e-04
4.156453286167459851e+02,1.488089155617350172e-04
4.157015886201975263e+02,1.455224133182145675e-04
4.157578423925552897e+02,1.466643492239027430e-04
4.158140899311766816e+02,1.465278148973815089e-04
4.158703312334186535e+02,1.460991849125012300e-04
4.159265662966374180e+02,1.482048956581492156e-04
4.159827951181892445e+02,1.506451764933018037e-04
4.160390176954295498e+02,1.532264603794674719e-04
4.160952340257135234e+02,1.536958416424911316e-04
4.161514441063956156e+02,1.545339725173688742e-04
4.162076479348304474e+02,1.507024324323382911e-04
4.162638455083715030e+02,1.447543937966080376e-04
4.163200368243721528e+02,1.437580349924281054e-04
4.163762218801853692e+02,1.428115470488296418e-04
4.164324006731636700e+02,1.429262118705902250e-04
4.164885732006587773e+02,1.474527137696362883e-04
4.165447394600225266e+02,1.486015757367842251e-04
4.166008994486058441e+02,1.468984368680811955e-04
4.166570531637595991e+02,1.446700676475427415e-04
4.167132006028336946e+02,1.464970157808174523e-04
4.167693417631782609e+02,1.464253511620661901e-04
4.168254766421424051e+02,1.477073942338177242e-04
4.168816052370750640e+02,1.471927027102679141e-04
4.169377275453246625e+02,1.482355148046580562e-04
4.169938435642393415e+02,1.512736240074071068e-04
4.170499532911665028e+02,1.530349976000069142e-04
4.171060567234530936e+02,1.527806235799512771e-04
4.171621538584461177e+02,1.526684166594215739e-04
4.172182446934916698e+02,1.522038928362533412e-04
4.172743292259354462e+02,1.498054225915503826e-04
4.173304074531228025e+02,1.525367772282803971e-04
4.173864793723986395e+02,1.547043562800681121e-04
4.174425449811074031e+02,1.539221501649936069e-04
4.174986042765929710e+02,1.529255841309903397e-04
4.175546572561991070e+02,1.516432289968906754e-04
4.176107039172687223e+02,1.500893681281667091e-04
4.176667442571445008e+02,1.405317124126372378e-04
4.177227782731686716e+02,1.394983458593599215e-04
4.177788059626831227e+02,1.472745492564502717e-04
4.178348273230290602e+02,1.514111233370173072e-04
4.178908423515472350e+02,1.527546466092783903e-04
4.179468510455783417e+02,1.548099438112093904e-04
4.180028534024622786e+02,1.547825959543173719e-04
4.180588494195384328e+02,1.542611603309453983e-04
4.181148390941459638e+02,1.541653857549005690e-04
4.181708224236236333e+02,1.546821027856803380e-04
4.182267994053096345e+02,1.516078492981966306e-04
4.182827700365415922e+02,1.496636424687459489e-04
4.183387343146569037e+02,1.507575966215255467e-04
4.183946922369925687e+02,1.542237883082268727e-04
4.184506438008846771e+02,1.540486966045011871e-04
4.185065890036695464e+02,1.538062090402531089e-04
4.185625278426826412e+02,1.501340415343179596e-04
4.186184603152588579e+02,1.494598774343030103e-04
4.186743864187330360e+02,1.514108824962204843e-04
4.187303061504392758e+02,1.498625139096769216e-04
4.187862195077113938e+02,1.498448146226278688e-04
4.188421264878826946e+02,1.532317674407343718e-04
4.188980270882859713e+02,1.527939327602104321e-04
4.189539213062537897e+02,1.507338481998840357e-04
4.190098091391180333e+02,1.485399577872528244e-04
4.190656905842101310e+02,1.529950422641595468e-04
4.191215656388613411e+02,1.556211769634234542e-04
4.191774343004022398e+02,1.571879467490683139e-04
4.192332965661628918e+02,1.580839082732828354e-04
4.192891524334732480e+02,1.576222941913547112e-04
4.193450018996626341e+02,1.475224749726771032e-04
4.194008449620597503e+02,1.395274252931999568e-04
4.194566816179930129e+02,1.463822658492552030e-04
4.195125118647904401e+02,1.519505343532295859e-04
4.195683356997795954e+02,1.489044024418473668e-04
4.196241531202875308e+02,1.493278465429737837e-04
4.196799641236409002e+02,1.536796513514612826e-04
4.197357687071659598e+02,1.575646469408519478e-04
4.197915668681882835e+02,1.547102859490498807e-04
4.198473586040332179e+02,1.524912290407192934e-04
4.199031439120256550e+02,1.530167247392830859e-04
4.199589227894900887e+02,1.547568851781881065e-04
4.200146952337503308e+02,1.520690649185149916e-04
4.200704612421299657e+02,1.448751697897796866e-04
4.201262208119521233e+02,1.474104152226544636e-04
4.201819739405394216e+02,1.513969730656192225e-04
4.202377206252139104e+02,1.552278692402649953e-04
4.202934608632974687e+02,1.585409514857570015e-04
4.203491946521113505e+02,1.602568170250988670e-04
4.204049219889764117e+02,1.565297119779568479e-04
4.204606428712129969e+02,1.534314822827600761e-04
4.205163572961411660e+02,1.556781408336230525e-04
4.205720652610804109e+02,1.547219828819095943e-04
4.206277667633497686e+02,1.352749437274664869e-04
4.206834618002677075e+02,1.260719819642538129e-04
4.207391503691528101e+02,1.375100439630328429e-04
4.207948324673224079e+02,1.481490353685372351e-04
4.208505080920940031e+02,1.539827010516691807e-04
4.209061772407843591e+02,1.566059469044931926e-04
4.209618399107100117e+02,1.542564088446574241e-04
4.210174960991867010e+02,1.515188263235829180e-04
4.210731458035300534e+02,1.461287603002660307e-04
4.211287890210551836e+02,1.390650589119393028e-04
4.211844257490766950e+02,1.444779461902659823e-04
4.212400559849085084e+02,1.513798686259815965e-04
4.212956797258647157e+02,1.546736856629538786e-04
4.213512969692585557e+02,1.529687141825932894e-04
4.214069077124025853e+02,1.422132757068643233e-04
4.214625119526094181e+02,1.296259012041791735e-04
4.215181096871909858e+02,1.303560212952117794e-04
4.215737009134587083e+02,1.408092277390286036e-04
4.216292856287237214e+02,1.422487608347810660e-04
4.216848638302966492e+02,1.428640949052944044e-04
4.217404355154876612e+02,1.344149391764253682e-04
4.217960006816063583e+02,1.315119782691797018e-04
4.218515593259622278e+02,1.372561757447794217e-04
4.219071114458639613e+02,1.355558916751398244e-04
4.219626570386199091e+02,1.295437820772542248e-04
4.220181961015380807e+02,1.366071429556541656e-04
4.220737286319260875e+02,1.467690940949750473e-04
4.221292546270908588e+02,1.446667243444615546e-04
4.221847740843389261e+02,1.399636443801432128e-04
4.222402870009764797e+02,1.437233404148159437e-04
4.222957933743094827e+02,1.432668962848843847e-04
4.223512932016429886e+02,1.335886562751414854e-04
4.224067864802817667e+02,1.359996174834245098e-04
4.224622732075303588e+02,1.456661354103869210e-04
4.225177533806926817e+02,1.531701678286094071e-04
4.225732269970721973e+02,1.538534016840015911e-04
4.226286940539717989e+02,1.502187926025817159e-04
4.226841545486944369e+02,1.438021545112027992e-04
4.227396084785420953e+02,1.455920483673863201e-04
4.227950558408163033e+02,1.508873365686893349e-04
4.228504966328185901e+02,1.508924161700348941e-04
4.229059308518496891e+02,1.420118101077482646e-04
4.229613584952099359e+02,1.433409575728399976e-04
4.230167795601992111e+02,1.506415517986342068e-04
4.230721940441173388e+02,1.568783984480343844e-04
4.231276019442629490e+02,1.567605311688090070e-04
4.231830032579348426e+02,1.487004950896917733e-04
4.232383979824310813e+02,1.474761902542337901e-04
4.232937861150495564e+02,1.453973070457340434e-04
4.233491676530873065e+02,1.423576791752719775e-04
4.234045425938412563e+02,1.478801870433018271e-04
4.234599109346078194e+02,1.554416766259194421e-04
4.235152726726829542e+02,1.526473885181947794e-04
4.235706278053619371e+02,1.430899578752006785e-04
4.236259763299399310e+02,1.431177353483453719e-04
4.236813182437115870e+02,1.401538183958175431e-04
4.237366535439709878e+02,1.418075432287832516e-04
4.237919822280118751e+02,1.500936544148464918e-04
4.238473042931274790e+02,1.560657136352719876e-04
4.239026197366106317e+02,1.575140698223556168e-04
4.239579285557537105e+02,1.543102739802240653e-04
4.240132307478485245e+02,1.503409225555680997e-04
4.240685263101867122e+02,1.553986022838991642e-04
4.241238152400592867e+02,1.598934843549273499e-04
4.241790975347566928e+02,1.611418606585631700e-04
4.242343731915692047e+02,1.520116283222387938e-04
4.242896422077865282e+02,1.453943667692975746e-04
4.243449045806978006e+02,1.483473111160173153e-04
4.244001603075919888e+02,1.539117701148651457e-04
4.244554093857573207e+02,1.530516524682319450e-04
4.245106518124817399e+02,1.570182263287808646e-04
4.245658875850526783e+02,1.587163050748315431e-04
4.246211167007573977e+02,1.561264568851134307e-04
4.246763391568822499e+02,1.586256670039698177e-04
4.247315549507134165e+02,1.620172174947042440e-04
4.247867640795366242e+02,1.614159632010449231e-04
4.248419665406371450e+02,1.549901789228438583e-04
4.248971623312996257e+02,1.465532435790610597e-04
4.249523514488085425e+02,1.409389499791812144e-04
4.250075338904479736e+02,1.438846072900501905e-04
4.250627096535011447e+02,1.509844848126643284e-04
4.251178787352511108e+02,1.537632813818078125e-04
4.251730411329804724e+02,1.498943534072885123e-04
4.252281968439715456e+02,1.495980920862505443e-04
4.252833458655057939e+02,1.560194257109047042e-04
4.253384881948643965e+02,1.610895712783986665e-04
4.253936238293283623e+02,1.624383644195159587e-04
4.254487527661780177e+02,1.609133239006784637e-04
4.255038750026931780e+02,1.543477463549324381e-04
4.255589905361532033e+02,1.491320623497941725e-04
4.256140993638373970e+02,1.496336947111655291e-04
4.256692014830242101e+02,1.455222305115002213e-04
4.257242968909916385e+02,1.515183191547444434e-04
4.257793855850175646e+02,1.592504933907464937e-04
4.258344675623791318e+02,1.632385036278126422e-04
4.258895428203530287e+02,1.599777999850309136e-04
4.259446113562157166e+02,1.618084330402465580e-04
4.259996731672432020e+02,1.618865149361008681e-04
4.260547282507108093e+02,1.663317146718421360e-04
4.261097766038934083e+02,1.695808775977664432e-04
4.261648182240658684e+02,1.696011652994720723e-04
4.262198531085022069e+02,1.698957184561250360e-04
4.262748812544759858e+02,1.661652659658269368e-04
4.263299026592605401e+02,1.683376059548376963e-04
4.263849173201287499e+02,1.705632727300366474e-04
4.264399252343526996e+02,1.703660384996617393e-04
4.264949263992044735e+02,1.663590392530053981e-04
4.265499208119554737e+02,1.606460711168783840e-04
4.266049084698767615e+02,1.546634419253705177e-04
4.266598893702388295e+02,1.492446615257413676e-04
4.267148635103118295e+02,1.566387769504789021e-04
4.267698308873654014e+02,1.630912008302672935e-04
4.268247914986687874e+02,1.655232801321720104e-04
4.268797453414907750e+02,1.683314695928662453e-04
4.269346924130996968e+02,1.660698541630328102e-04
4.269896327107635443e+02,1.592996609025672998e-04
4.270445662317495135e+02,1.611852810343454762e-04
4.270994929733249137e+02,1.669391042822949663e-04
4.271544129327561450e+02,1.700069888404567538e-04
4.272093261073092663e+02,1.696096464760092355e-04
4.272642324942499954e+02,1.716338321477019029e-04
4.273191320908435955e+02,1.690606960384284836e-04
4.273740248943548181e+02,1.647250637755627177e-04
4.274289109020479600e+02,1.607996072337117895e-04
4.274837901111869201e+02,1.609929141592041384e-04
4.275386625190353129e+02,1.489861722782415175e-04
4.275935281228558438e+02,1.303777713760860958e-04
4.276483869199112746e+02,1.216222611189620058e-04
4.277032389074636285e+02,1.343743841812518997e-04
4.277580840827745305e+02,1.477288589899297970e-04
4.278129224431052648e+02,1.572899937303449914e-04
4.278677539857165470e+02,1.643861154929631015e-04
4.279225787078688654e+02,1.689602389431250874e-04
4.279773966068219693e+02,1.698271032325655069e-04
4.280322076798352668e+02,1.722344709818813483e-04
4.280870119241677116e+02,1.703683348400294344e-04
4.281418093370780298e+02,1.664223634444803761e-04
4.281965999158241516e+02,1.653491517752999479e-04
4.282513836576638369e+02,1.674342244862083730e-04
4.283061605598542769e+02,1.685146028649160894e-04
4.283609306196522652e+02,1.697055448080620019e-04
4.284156938343140268e+02,1.596326118279561834e-04
4.284704502010955025e+02,1.442715320982193962e-04
4.285251997172521783e+02,1.444431693652233290e-04
4.285799423800388581e+02,1.570862607289147156e-04
4.286346781867102891e+02,1.627385753169983322e-04
4.286894071345204793e+02,1.645422758881373657e-04
4.287441292207231527e+02,1.626365672587945629e-04
4.287988444425713510e+02,1.570493153127506885e-04
4.288535527973178887e+02,1.524812985680705144e-04
4.289082542822152391e+02,1.602009241705355542e-04
4.289629488945150797e+02,1.643837418348255983e-04
4.290176366314689744e+02,1.652417141820453701e-04
4.290723174903278618e+02,1.646980337513737536e-04
4.291269914683422826e+02,1.620922816328247197e-04
4.291816585627622658e+02,1.526344388294315763e-04
4.292363187708374994e+02,1.521937714654270611e-04
4.292909720898171599e+02,1.577925275708507444e-04
4.293456185169501396e+02,1.565939185386372239e-04
4.294002580494845347e+02,1.537399247189665061e-04
4.294548906846683849e+02,1.577837517538107487e-04
4.295095164197491044e+02,1.625082156097149878e-04
4.295641352519735392e+02,1.672856518669179563e-04
4.296187471785882508e+02,1.639841135693943070e-04
4.296733521968394598e+02,1.543012703395002961e-04
4.297279503039727615e+02,1.379469388133516404e-04
4.297825414972331259e+02,1.219882266426655708e-04
4.298371257738656368e+02,1.213409545690674271e-04
4.298917031311144683e+02,1.372522013950065267e-04
4.299462735662233399e+02,1.496003370432446905e-04
4.300008370764358574e+02,1.530431523961031475e-04
4.300553936589949444e+02,1.428653096246402935e-04
4.301099433111431267e+02,1.361596658816895046e-04
4.301644860301223048e+02,1.418463366224975329e-04
4.302190218131744359e+02,1.480169781217748190e-04
4.302735506575405680e+02,1.424185449438014866e-04
4.303280725604613508e+02,1.398249343237464176e-04
4.303825875191772070e+02,1.451340497167548252e-04
4.304370955309279907e+02,1.522659930666896513e-04
4.304915965929530444e+02,1.580527487202056233e-04
4.305460907024911990e+02,1.545672962447048053e-04
4.306005778567813422e+02,1.404893272745197570e-04
4.306550580530613388e+02,1.326402689011000398e-04
4.307095312885687122e+02,1.407061282505691724e-04
4.307639975605408722e+02,1.553955924451182581e-04
4.308184568662144898e+02,1.576540371287322366e-04
4.308729092028257810e+02,1.496498374236093147e-04
4.309273545676105641e+02,1.407312778740402702e-04
4.309817929578043731e+02,1.372979260762106544e-04
4.310362243706421168e+02,1.372607218147947541e-04
4.310906488033583059e+02,1.435121194057685750e-04
4.311450662531870535e+02,1.533164044573286523e-04
4.311994767173618470e+02,1.585292700829099750e-04
4.312538801931161174e+02,1.583689042349145236e-04
4.313082766776823291e+02,1.610391149170276091e-04
4.313626661682929466e+02,1.649828187240394515e-04
4.314170486621797522e+02,1.646234685172131434e-04
4.314714241565741872e+02,1.568607721355505242e-04
4.315257926487071245e+02,1.507941489616003179e-04
4.315801541358092095e+02,1.505592122360986294e-04
4.316345086151104056e+02,1.530599534381105664e-04
4.316888560838403350e+02,1.549682830515684145e-04
4.317431965392281086e+02,1.602595043479269725e-04
4.317975299785026664e+02,1.628890810398097016e-04
4.318518563988921528e+02,1.647822003667459903e-04
4.319061757976243712e+02,1.672854138363994293e-04
4.319604881719268406e+02,1.688418247298010860e-04
4.320147935190263979e+02,1.696904877441144212e-04
4.320690918361495392e+02,1.718081387872728448e-04
4.321233831205224192e+02,1.730521514604371920e-04
4.321776673693706812e+02,1.725518439460058616e-04
4.322319445799194000e+02,1.710252035138882197e-04
4.322862147493932525e+02,1.722110431259769869e-04
4.323404778750166884e+02,1.711181390204363545e-04
4.323947339540134180e+02,1.724335133787872020e-04
4.324489829836068111e+02,1.704341054116418328e-04
4.325032249610198392e+02,1.680393505090210674e-04
4.325574598834751896e+02,1.632723603405755524e-04
4.326116877481946403e+02,1.609061895675744410e-04
4.326659085523999693e+02,1.600515634394524326e-04
4.327201222933122722e+02,1.628145606055360903e-04
4.327743289681522469e+02,1.662609009695189589e-04
4.328285285741402504e+02,1.672965074012855576e-04
4.328827211084960709e+02,1.670285299431054310e-04
4.329369065684390989e+02,1.698123618921593126e-04
4.329910849511882702e+02,1.689487737633783306e-04
4.330452562539620658e+02,1.693502292802030827e-04
4.330994204739785118e+02,1.692879277006870836e-04
4.331535776084552936e+02,1.706444529689945221e-04
4.332077276546095845e+02,1.720421313454755831e-04
4.332618706096578762e+02,1.715287220678916457e-04
4.333160064708168306e+02,1.693214429511390932e-04
4.333701352353018592e+02,1.696578000170139854e-04
4.334242569003286576e+02,1.707441700864407985e-04
4.334783714631119551e+02,1.711916611111124770e-04
4.335324789208664242e+02,1.671505086144005662e-04
4.335865792708058848e+02,1.673920205811656365e-04
4.336406725101440998e+02,1.698616478974115213e-04
4.336947586360942068e+02,1.734586951243388187e-04
4.337488376458688322e+02,1.743566428765632858e-04
4.338029095366803745e+02,1.675786904414130953e-04
4.338569743057405503e+02,1.383290075474979150e-04
4.339110319502607922e+02,1.128091753096320424e-04
4.339650824674519072e+02,1.009333685439316641e-04
4.340191258545245887e+02,1.095946420297461886e-04
4.340731621086887344e+02,1.305480638253687616e-04
4.341271912271539009e+02,1.487984437553196342e-04
4.341812132071293604e+02,1.610218314494818979e-04
4.342352280458237601e+02,1.704689446990559430e-04
4.342892357404454060e+02,1.740287590252151927e-04
4.343432362882020357e+02,1.774309814866607848e-04
4.343972296863009319e+02,1.748741853840082947e-04
4.344512159319493207e+02,1.753191640089529367e-04
4.345051950223534050e+02,1.721969660260111673e-04
4.345591669547193305e+02,1.733091828636236476e-04
4.346131317262526750e+02,1.757042680677870406e-04
4.346670893341585611e+02,1.762985779521588400e-04
4.347210397756417137e+02,1.722723001381475777e-04
4.347749830479064030e+02,1.638066219041814560e-04
4.348289191481564444e+02,1.586268704751184005e-04
4.348828480735950279e+02,1.597832319608360216e-04
4.349367698214253437e+02,1.667315637032906295e-04
4.349906843888496724e+02,1.721172526005835222e-04
4.350445917730701808e+02,1.746076853697441295e-04
